order,sparse6
18,:Qb@A`aa`hCDcEdFeGfGbG_HK_IL_JM
20,:ScAB`A`B`abjGIfIfHcIeGdH_JL_KO_MN
22,:Ua@``eCDaDbDbcalIKhKhJeKfIgJ_LN_MQ_OP
24,:Wa@``fDEcDcEbEaadbjLkLhJgMfMiK_PS_OQ_NR
24,:Wa@``fCDbDcEbEeaadkMlMhKiLfJgJ_PQ_NR_OS
24,:Wb@A`aa`eFcEdFbdcnKMlMjKhMiJgL_OP_NR_QS
24,:WbAdCcd``bGaHbEaF`fGeHcIdJkMlM_NO_PS_QR
26,:Yc@A`BaB`bagHeFdHfgcpMOlOlNiOjNkM_PR_QT_SU
26,:YcBfDecEbDaF`Ga`LaB`CgNfOhLiMeJdK_PQ_ST_RU
28,:[a@``eADcDbDabciJfHgJhierOQnQnPkQlPmO_RT_SV_UW
28,:[b@Aa``aiEFdGfGeHdHcHgbciOjPmOkQlQnP_RV_SU_TW
30,:]c@AaB`Ba`bkFJgIhIhJdIeJfgckSlSnQmRoQpR_VW_UX_TY
30,:]eDaBD`CEjHidHeIaJ`KbcPaC`BjPkQiRhSmNlO_TV_UW_XY
30,:]dAB``B`AbCaCclHKiKfJgJdeekqSrSlPmPnQoR_XY_UV_TW
30,:]b@`Aaa`bEeFdFbdckLhJiLjkgtQSpSpRmSnRoQ_TV_UX_WY
30,:]d@BaaBbCaC`C`lGKiKhJfJdeekrSqSlPmPnQoR_XY_TV_UW
32,:_a@`d@bCaCcbaddmHLiLhJiKgJgKlefqTrUoSpSmTnU_VX_WY_Z[
32,:_dAB`CaC`Ba`bcmHLiLhKiJfJgKldemTnUoSpSrTqU_VW_XZ_Y[
32,:_d@A`CaCbCabb`mHLjLiKjKgLfIhdeoTpUrSnSmTqU_VX_WY_Z[
32,:_cB`A`BaB`acHeHfGcgdmNjLkNlmivSUrUrToUpTqS_VX_WZ_Y[
34,:ab?_[CHBAP?kGJ@@oWkI_KFrP{g^GEqPsk\KbPyX]gWidiP]aUgEG@gv?KfW@o|
34,:a`?WKEKC`@W_UED`OwomOJcagsiNOGrP{wbNgRJHWpTKTQ|GpRJtAs?qZ_Ebk?w]
34,:a`_gKIAD`OWWaGF`pGkYRIFpxCk\KEqxdCjQJRq|?pLIratChQHoBXq?YMoBHz
36,:c`?WSEFCapgWaGFap`[IBKEqpsu\GGpqSeTTjTz@eeYiEYH]cWfdY@Y?\NOBX}?[O^
36,:c`_OSEDA_pW_YKFa`wcMOLdbXOqPKcsa[{bOHsYSyuWLTrT[rSLTRLWp?LfW@o~?NGN
36,:ca?OSCFA@oW[IUFCQgweOHaagoiHREchpI]PgCX[qXQkej@ieViDyhakX_FsC?u\_FBv
36,:c`_OSIBA_qO_aIEbaGoaHD`pyOsbMGraCs^JFrADERIhEYXigWieIpemY_Erc?{^_FSF
36,:c`?W_EK@c?_[SNABp?{KLDBOwkQcMGsAKkbIFrQCo^McqIpeiYjeI`eeWhEg@oz?Lfw@x@
36,:ca?OSGF@@ogKMUFCQgweOHaagoiHREchpI]PgCX[qXQkEjHieViDyhakX_FsC?u\_FBv
36,:ca_ocCDA_owcIBBaS?wuOMcaxOqMGcahWyWLbBwg}^ULTrT?fPHTRDOr?NgG@kz?MFn
38,:ea?OSMAB`?wKIPDCppCWRDaQ`{o^LFQhsmgTgcyPUfSgVRPqq[keypqmZkEg@s~?NGWA@D
38,:e`_OSEBF@OhOOLDCoosSPCCppKYNGiCA\GfLHrAK{dMGsHSmqZkFIxik[iei`m?\NoBqE?_P^
40,:ga__[CHBaO_cCFA_q@[[XHEQ`[]PDbTaHUcTgcyPQ]RgDIku\VMtbt_xXMUbtkz?NgGADF?PHN
40,:ga?_[CDA_oXOMFEBq@KSREDPp[_VHdPIpGjRIrqkwhOHsQdIXLlFZXyq[kFYxqk]_GCK?}b_Gcf
40,:g`?WKEKAApG_UED`OxS[VHDQ@[]LKGraK{`KgRYp]eTiDylYd^MFjXyu\kFjHus[_FsK@?b_Gcf
40,:ga?WSID@_qooiED``x?iMIbAWgePCaOyXUgTgCyHI]QfDH[qZWMURlg|ZMTbt[z?OGW@|F?PHN
40,:ga?WGIDAc_XW_TBBOo{STGCppSWRGaPG\KjSIra\CdNISASqZJkfJXuo]lFixqk\_FsC@Cb_GSf
40,:g`?WKSBBAO_cMDDapH?iQJdBHWqPHbPypCjQIsQ\GhNHsAdUZMjFYxyo[kfJPuu]_FsC@Ab_Gcf
42,:i`_OSIBG@OX_OJFDP`[OTDDq@ScVECPpK]LBgdiPUeViDxxU_Uerhd_|XNub|k|[OVSC@Ec_Gck@Ae
42,:ia?woUJEaOwO]AGdQW[QD@`OXHMSSgdIPMMMcBWhAKNfcY@IULeBixmo[nFziAiYjEWALH?OhWAHL
42,:ia?O[CDA@owSEMGbaX?eHDbSPgy`LFr`{k`KGQjHKpSKTQ|WnPhSjD|@]OURlgzZNVB{@Ie_GS[@Cc
42,:i`_WGIDA_ookYKFa`w[QXHEqpcgZHcRa\?fPHRiS}oXidypenWiWRqAy_mfzQAu^mFgADF?PHWAPL
42,:ia?_[CD@@og[EMGbaX?eHDbSPgy`LFr`{k`KGQjHKpSKTQ|WnPhSjD|@]OURlgzZNVB{@Ie_GS[@Cc
42,:ia_ocCD@@o_cEFCe_hOmQKcAWoiMKdbXcuJWIDyh]eVgdY@YcUiRh|k~[OVRtg~XNUCC@Cb_GSk@Ge
44,:kb?o_UAA`?wOUAC_owc{JJEr@sgXHDq@ss^MfpzPWrVKtRLKnQKTBDY`PmgZqI}_mGZYAsa_HCk@Ef_HdF
44,:k`_OSEDA_qOg]GGaPWwaKG`phW}WOecHo}VKcqjPSrUKta|SpRJtBDebQlGZYIw_mgJqI}`_Gsc@If_HdF
44,:ka?wGIAB`?wKIGGcppCWRCarhW}WMebx[i_ThDYXQ`Sgub\[rWLuZTZE_PVsT|B[PVSLx@?PhWAPN?RIN
44,:ka?_[CD@_og[kFMBaGouSKcAxOmMLbBGgqQLdQWdOnRKSbDSrUKsQ{}`MmGZQA{_mgZYI}a_HSs@Gg_Gs~
46,:m`_WKWAA`Og_UEDaaG_]LFcSO[w`LFrACk\IFrQLAbHmEB\cvVLtbLStSLUITN?bnhKII{cmgjaM?dRoCqe?gT^
46,:m`?WKEKC`@W_UED`ogoiVGDQP[YNOecXpA]PerIP]gVidiTYf[MuR\gzZmUKiHH`QWS\xH^PwCS@If_HdK@Oi
46,:m`?W_EBA@oocUJC`rOT?WMcbx?iWLbbhW}QLcBxOyXJbTBTSvUKsr\_rVLSITEwangkIN?bmhJqQ?gTOCi]?eS~
48,:oa?WKEUFDQ@KSNECP@KOTBAo_saNIcowSMDTKtbT[tWKqq[ohLJRak{nOKSQ\Gh^PwCdtD]OvCllL?TjGA`R?Rin
48,:o`?WgEBG@`HO]IFb@w_UEE`OgcMaQcbxHAUPeChg}[OcQhSeu\mFYpmm[kEjHifSiwCeDHaQwstxJ^RODIi?fToDAr
48,:o`?WKEOEBq_kSLDBp?sKNA`PG\CdHFqQCkbKHRP{w`GdQhLkz[Mtb\[xWLURTMhToHKIRCdphjyU{e_ITS@Mk_ID^
48,:oa__[CHBaO_cCFA_q@[[XFcQPcgVDbRq\?hPHsac}`LfVbHus\lEzHqm[kEzlUl]Qvsu@H`QWcmLL?RiGAhV?SjN
48,:ob?o_UAA`@WGUFC`pGSEcKEqaKk`GDQP[s`KGraC{bMfpyxmo[kfZPuiZjFI\Qd_QwSeHHbQvct|L?RiGAdV?TJN
48,:o`_OSEDA_pW_YKFa`w[QOKeqpcgZGcshxM_Qgcx{ygXjEYxahWivb|kz[NvZtjMcRWsuLJ_RWSmHH?RiWA`V?TJN
48,:ob?_[OJ@AOOSKJAaOW\?JQEBXWy]PecX?mSKccXpA]Ofpg|[xUMuBdgzTLuR\IfSnHJyV?eohkQREd_IDS@Mh_Itf
48,:oa?wSEAA`?wGMGDa@ggYPHbrPss^MFqh[qmRITiXUgTgdiPY`^KfjPyu\mFY|ap]qHkiY}boG{IRCd_Itc@Mh_IDV
48,:oa?WSIF@@o_[EKFa@W_YMIdQHLKJNHSAKwdKGRP|CfQhqzpgzZMuRl[vWMTbdihTpH[IZEcoHjyQ{d_HtK@Oj_Idf
48,:oa?WSMAA__wOMGDa@ggYPHbrPss^MFqh[qmRITiXUgTgdiPY`^KfjPyu\mFY|ap]qHkiY}boG{IRCd_Itc@Mh_IDV
48,:o`?WKSBBAO_cMDDapH?iQJcQXOqUKbPxxM_SgcyPQ^OerjpczYMuR\gxVLuBdujUnHZyZ?cohKQVEe_HtC@Qj_Idf
48,:o`_WgID@_oh_[TGDqPScVEBpPCmTC`owcQLDhDIXQcXheihekYeEHh][Tfdi@]aWngkAEubmHJqUye_HtS@Oh_Itf
48,:o`?WKWBBAO_kMDCBPOsQJPEbxpAYOfBxW}WOcqg{aRIjeZ@ioXjeiXmg[jEyhqbQmhZqZAdpHjyR?b_ITS@Mj_IDf
48,:o`_gKEDG?ohgKTEDP@[KJFEQ`ccVGEQ@KYJCdpw|[rUJtbDctQLSr\OpTLr`|?bLpHkYY}cmHZqAy`_Itc@Mh_IDV
48,:o`_WSIB@`R_geGIcAX?iQKdBWouMKdbXWqIEa@x[MFTMTB\GtRLSB\CxUKTrKy^\QvcuLJcRVsM@D?SigA\X?SI~
48,:o`?WSEKD``W_YFCCogKmXHdQxc]ORgCXxIJEerj`SnUKTrL_tLGR`|CvQLsrTOrZnHjyZ?bogjiQwd_ITS@Mj_IDf
48,:o`_gKEEC`@W[IBCaq@ccVGDQPSYNOGrqTEdLJRakmXRKtBTetTMtbt]p`pW{aU}doHjiQ{blgjaE?hTOCym?gU^
48,:oa_wcCDDB@xOeRIfBWgqKJaBWWyD@htGSEFCfdY@YQRdDIHUcUdeX`iYVfEIxeoYmhjqU}`oGjaMuc_ITS@Mj_IDf
48,:o`?WKSBGA@xOYIEa`wo]EC`OgcMaQcbxHAYPeBxXI[OcQhSeu\mFYpmo[jejHifSiwCeDHaQwstxJ^RODIi?fToDAr
48,:oa__WQAC__wcMDA_rpOqUKcBhGuKLbbhCeTJerj`SnUKUBL[tPLsb\KlSIrrL?tZnHjyZ?aogzaUyc_ITS@Mj_IDf
50,:q`_WKWAA`OgWUGD``w{aPEg`WdO_ReBXo}URgCh`MYPfCXxI`Icurtg~[MuRl_|VNtYtRAeoH{Q^EeqIKia?jUODIy?iU~
50,:qa?OSMCB__wKIPDCp`C[RCaq`s}WMebxSmhPIsadKjPgTb\_vXLTjT^?`mfzqE~_mYSqbIgqh{QbEfqHgAdV?TJWAp\
50,:qa_OSCFA`pGOQEC_q@KWNDCq@cqVIi`yHQcRgDHpI]PhdYdUZ_MFzh}u^kfZPyo]mTi}PNbSXSuHP`RWC{@Qj_Idk@Wm
50,:qa_WKECC``GOMCDbpgs]JBaT@xMWLfCIHMWRdCHW}YQfCiKaRYNURl_zZNVB|[~TjTKI^Cephka^?gqiGAdT?UJgAlZ
50,:qb@W[QUHdO`KCTA_pP{W`FDq@cMGTaaGo]D@aOxxU_UeBXWyQVdEIXmg[kezPqcXgejp}y_qH{YbCdohgAdX?TIwAt\
52,:sa_WK_BBAO_{GFAAOosSNFcQGkYHUGdY@M]QiDXpEWNdcxhI_TiQhLh@[OVSLk~]NuSL]pUpiKafIhrIKQjMi_JTs@Wo_It~
52,:s`?WKEKAApG_UED`OxS[VHDQ@[YNKGSXpA]PeRYtKnSJTQ|MdWMublkxWmU[QM}`oG{MI|jSIkyjMhqIkifKg_Itk@Wn_JeF
52,:s`?WKEMBAo_sQJBa`g_YDIDppK_TJFRhcumHhdi`UcUgDIHMiVjTx}G{`ngZiEu^mGJQA|WkxdMTTfSXDULPaSoDYu?kVoDrB
52,:s`_OSEDA_qOgaGEaPWwaKGboxW}WOdrHhA[Ncqi`]eWidypafSgskPtB]OvR|x@ZOVB}ErYpi[QjGgqiKqfMi_Itc@[n_JUF
52,:s`_WgIAA`OXOORBAooc[RCCPhKaNSAtaXU_QfcXpUeSgdXg}WOhDI[mT[OvSDk~]NucDdBVkTkQfEgqI[ibKirigAt\?TkGAp^
52,:s`?WKEMAAo_sULC`pG[ULLGR`{k^KGQPkg\GbqXSmX^KfjPum\kFjHms[gfYPye[iEyh]kWph[aY}foIKQfAi_JTs@Un_JEF
54,:u`_gGIBF?oggYEEbpWc[PECOx_uQJdBHhA`NfUP\SpUJtBDGlRItrLarPqGC]DF^PvSLxD[PWJTnOjrjLIjKkqikam?lVoDrE?oX^
54,:u`_WGIDA_ookYKFa`w[QXHEqpcgZGcraTM_Qgcxs}pTKtbD[rTiUb|o~\NUjtnGdog{QVFcoZTQrQksi{qrMjsIgAt^?VKWB@d
54,:ua?OSGF@@og[EHDbPpC[RGCq`[gXJERh{ueShdY`U`PhVRHixXLub\[xWMTkh|H_QWS]HF\nVkehXjUXTMXRfTYD[@aq_JT{@[o
54,:ua?g[[DA@oO[EBCAp_{WTCBPP[iVHcT_|_iVgciXQ_VidiP]]PfCy`YjLeVc\|D\OwCLpDZPuZTbGiqi{qjMjsJLIq?nWODjI?mW~
54,:u`_WSEM@@Q_SSLGCoosOJBCP@K]TIcQWt_eVgci`UkVedHpU_RfcYP]lJeVST|F]PvCM@BZPUZTbIiqI{ynOirJLIq?nWODrI?lW~
54,:ua?_[CF@@OwSEHDbPpC[RGCq`[gXJERh{ueShdY`U`PhVRHixXLub\[xWMTkh|H_QWS]HF\nVkelXiUXTMXRfTYD[@aq_JT{@[o
54,:u`_gKIAD`pGSEYBaPxCs`MFqpko\GCppS}_VdrHcmRIapix}o_kezPqq\lFiPua]iFyYAiZjFKa^Egqi[qjAjpJGA|`?UkWAxd
54,:u`_WwOJEd?`KeOJfbhK_Z@`oQCSfCHP@kG^DFO_{YEEdUx[qaXjExpQ][hFYX}m^igJAAY\lFi@zIgrI{QfGiph{Iq?mWODzE?lX^
54,:ub__cGF@Ao_kOLBBOwsUH@_t@pIaRfcY@I]OdbX`MSRbrhkaRaNgJqAo[jGZIEs`ifY`yu^jfZehXjUXCu\PbQwdK@]p_JeS@Yo
56,:wa__[CHBaO_cCFA_q@[[XFcQPcgVDbRq\?hNgSQ\GhLfUB\[xXMUb\]pTjXcIVCdog{QQ}boHKlu|fUxdu`XhUYdulZ?VkGBDf?XLN
56,:wa?wGIAB`?wKIGGcppCWRCarhW}WMebxSm_SisadKjOguixmoYkey|Yw`nGZyAx_mxc}LJcRx[uJ]kVYtulZgVYTmhX?VkWB@f?XLN
56,:wb?OcCDB``G_UCD__wkI_LFS`{cZKFQ`{k^GcPg|ctPJsRDKnSKTRLWtOhSiMLJcQwC]DH]PVsTmx\sJLIrSltjkyvKm_KUS@]s_KE^
56,:wa?OSCF@c__[IWBbawoaIFaAHOmKFdQxcqRGlDbLKhTJuBL?fQIRqtCnTKuHky}doHKIQ{bpGziUv[lXde`ZhUYdm\\jVOEJI?nYOEBN
56,:w`?WKSBBAO_cMDDapH?iQJcQXOqUKbPxxM_SfsIHMcSerixmo[kezPqnWitkqDJaQwS]HH^PwCeUz]rJ[yzOksjLQvUm_JuC@ar_Kef
56,:w`?WKEKA`QOcOJBApW[[PECq@cWPFErHkmTWCuaxeeUiDYPemWiEYHM_TjEI{}\_QWSl|FaPvcdtJZmUkqrMlsJ\IrSmtjgBDd?WLGA|f
56,:wa?wKCDA@owKIGDaaHKYNHDQ@SQ[NeBXWy]QhSYDkZVLUBLWtSKTQ|cvYls{qHJbQwSl|F_QVceIx\tJ\IzUksJkyrKl_JuK@_r_Kef
56,:wb?OcCDB``GWUGD`@WSE_LFS`{gZHFQp{o^GcPg|ctPJsRDKnSKTRLWtOhSiMLJcQwC]DH]PVsTmx\sJLIrSltjkyvKm_KUS@]s_KE^
56,:w`_WS_NIBR@OmOHaaP[qTRGqqSeCN_cgHMKP`aGxAGTao_{OJBBVXl[|WNsqtCj\OTBL@DNOucLHD[lj\AvMmqJKYjKjqiWBLh?VkgB@b
58,:ya__[CD@_qoOQECaOwweOIcbWoiOHa`xky\JeQj`[vUKtRDgvSJsqlCrQKTb\i^OoHkI^Ceph[aU}fmvjed^iVYt}p\gWZUC@es_KUs@ct
58,:yb?OSKHB`PWcCFAAp?kEQIcAwoaMIcbx{uXMlAz`cvUKTQ|OvXLTR\GlRJuBTebOpHkY^AdqH[AY}fmvje`\hVyd}l\kWZUC@es_Kes@at
58,:y`?WKEKC`@W_UED`ogoiVGDQP[YNOecXpA]PeRYPYnSJTQ|If[kfZPqu\kuJqN?bogjuI~gSxS}XRfsXMIx`lWZT}h`jVzDs@ar_Kek@gu
58,:ya_O[CDA`@GWQH@`pO{WTJcqHWqSKbsAKw^LGSQdQfQmbzHqsZkFIpimXlfZdujgQH{i^Efoh[QZ?eqVj}p^jWZTuh`hVYD{@ar_Kek@gu
58,:y`_gKMHABOOkIBKDowceTDbQXSshMHqqKodFcRy@m^OkfjPuZMdrKINCcgfyQAqblHJaEuaieIp]e]iF\IrSjrj\AzInrKGBDh?XKwBTl
60,:{a`GwYD@`?wGMNEaAGgeXLiCi[CDIGQqKW\FFqAccjRISakqZOggYYAc^`pGmHL`Rvsm@JXPucdlL[Rtrl_|UuKljJSmtj|JBOp_LUs@ev_LFF
60,:{b@GgYSGcpGkGP@Co_cCJA@oO[qZIdowpUMSgEIHaSQdcx`]YUiTXs|FUOtsSaRbSXC}XNdSVSLxDZNvCDethWyeUtdmWyt}p`?YlgBLp?YL~
60,:{`?WwGF@APgkULIcpPsWZBaCWSEVK`pIh]kWhdY`YWNdcIHMcSedxpaRIbqLALJcRUS|hN^PwCdtJ]RUsLpDfsKlJJWmuj|ZBSp_LvC@eu_LEn
60,:{b?_[GHBApGkMDDaOWKEiOHRaS_bFErq[sfNIRaKohJIQQ[g`QbRHSeVdRWcdXHTPuc]@L[PUSLtJ]Otr|_vjWYT}hbkXXtm`\?YLWBLn?ZMN
60,:{a?gKMAA`?wGMGDa@ggYPHbqh[qYMebxo}_PgCiHIhThuRTcvYLti|bE^OWjyF?`mgjqIxjQikqjMhsI[]RHiwKmJJUnuJ|jB[p_LvC@et_LEv
60,:{`?WKEKC`ogSkGD``XwUYMcAhGiKLbbgoaMHerh{}VKdTrDcvYMTQ|WpRLtBdczYMsYTBAfpIKYfGhqh{qa~_nZEEtbiXYuUx`nWoEZQ?tZoErb
60,:{`?WKEQBAo_sSNECPPCWNB`So{aHCgcyPQeUiDXo}YOddX`YRIgsh|AdPoh[QZEdqHix}o_nFziAqblHJYEwauk\rJQjtJLA~Mo_LUs@ev_LFF
60,:{`?WSEFCapgWaGFap`[IBLfQ@{[`KEqpseTNgTQ|WpRItAtEdZMvBtu|XOucT]p^QwCuVL`SwdUNHlvZ}BFUquK\I~Sorj\Ay?tZOEZ]?s[^
60,:{b?okCDC`OWKsCDa@WWQFIEQP[[XGDQ@[WROgRh{uX]KFZHmmYmFY`eiYheypam\mSiMLPaSxTEPNeRwTL~@]tkLRFYovK\bJ]q_LUs@ew_LE~
60,:{a_wKEBJ@?wOQEC`PH?eKIbahGyMHa`gga\NfrXcmTWLUR\[xSJtbTSxRLuRl_zPhSKY^ChqI[IbIfrIJt~@jWZEMhdlXZeM|`?XlGBTn?ZMN
60,:{`?WKSBF@@GgYFBAP?sYDDcAWwqZJdRPso\HhCy@E]QhditUh^GurtozYNUBdcv\Nvj|^SeSxtMTRbRxDEHPeoW\rFYqvkLbJUotKWBLj?YLwBXp
60,:{`_OSEDA_qOg]GGaPWwaKG`phW}WOdrHhA[Ncqi`]eWhtIh]kWgsjX}w_mgJp}v[kulQTReSxc}TPbRxDEfBatK\ZJWoukLrJ]p_Kuc@iv_LfF
60,:{a__[CF@_qoOQEC`Rocc\FDQ@SWRLFQ@KSNLfRx{mXIjeJHms[jDyhae[iEzHus\gsiEDNaSXDMLRdRxdD~@]uKLjFSqtklzF[o_Kuc@kv_LVF
60,:{`_OSED@`QPCQHBbPpCWNDCPXOqULcahGmWPgriC}wLnErl_tVKtblkxVMtRDOrYMUy\JGgqi[Y^KfpIKIe~_nYeElbkWzUExdnXOEjY?s[OEZ^
60,:{a?g[EAA__wOMGDa@ggYPHbqh[qYMebxo}_PgCiHIhThuRTcvYLti|bE^OWjyF?`mgjqIxjQikqjMhsI[]RHiwKmJJUnuJ|jB[p_LvC@et_LEv
60,:{`_OSEDA_pW_YKFa`w[QOKeqpcgZGcshxM_Qgcxs}gWktbD[rSivjX}w]mfz\j?dpH[YR@coyd]\RgTy\UZeoXZuU|bkXZUMx`?XlWBPn?ZMN
60,:{a?OSCFB`OX_IFNCagwaUMbbgomQKdBX?uWMdQX[QJEkEZXqs\jEI`mmXifYXqcYfsIMDPaRwtMPNdSxdDy~_tKLZFWouklrF]q_LEs@iv_KvF
60,:{c?_[CHBBP?kGN@Bo_kCLBaT?kYNXGCiHM[PfcHP]UWhdyPaOUcdh`QYTiDyhafQlhzabIgrHzyN?cmgZqIrYsk\RJYqvK\Y~Wo_LUs@gv_KvF
60,:{c__kCLBBp@CGN@COokOLA_owcULFcSqdCdPJSalOnRKRQkwlNJsBCeTKdyCYVGelHzI^CbohJyV?elfJhzNgXYUUp\lVyeMl`?ZmGBLl?YL^
60,:{`_gKIBBaQpKiIHbAgwmOK`OW[QbQhtHHESQdcx`QYUfDXxa_VjeIhYJEbqLALLcQwc}DNXRUclpFZQVRt|@fsKlJJWmuj|RFUo_LvC@eu_LEn
60,:{`?WKEQDd`_{WPDBpPCONBCOgSYHBjcqdKjNJSAskbKHRacsjUgshSiRHdVsD|B_PWS]LHaQvStxLVQUClcxYLxt]`XhWyeUx^lWOEjY?sZoEZb
62,:}`_OSID@c?XOONECpw[QPFCq@KSLDeBhg}SLdbHpMfOhSZo~?\NubdcvWNvRtc~ULTr\o|\itKqjMjqi\AfGipi{MJ@kXZU]xfnX[EfDh?ZmGBXt?Ym^
62,:}a?OSMCB__wKIPDCp`C[RCaq`s}WMebxSmhPIsadKjOgtbTmoYkeyt^@\OvcD|B\mWc}PNdRWkuNWlsi|QvVks\URRaswk|rR]rwKgBTn?ZMWB`t
62,:}b__[GJ@@oOcQL@f_okGLCBPXgyUKdBh?qMLcayTI`Pfrk@g~ZMURlw~VLuBlSxULUR|yhRqikanMirI\AfEjowkEtdkXzuV@fmY[Uc@mw_LVS@kx
62,:}`_WSWB@@OgWUIGaPOsOLG`pxOmQMfrHk{`MGQy`UcRgdIhapVjWQ\t@]NvCDg|ZMvsMBBXuID]dVfTxTMXTcTYKUN_rvlMJJ[suklbM?tZoEre?w\^
64,:~?@?a_WGMAA``GOQFAaR_giIJeq`ckXGEqPkYNWIdjP]eTiDiH]cVgSHs~AakfzIAu^mGJiE{akUjTfUluJ\AnQkrIkyjFcq{EfDhqY{uuxjnZOFJi?v\oFBr
64,:~?@?b`?kKLC`pWsQFDbOgSEBA_u@hE[Qfcy@QYOfByHMcSbdx@]QTdDXXYWUjqXSmXfSyDTdNWSUtLhT[RVStx@^OwcmLHlWZd~DjqZZE]lh?ZmWB`t?\nN
64,:~?@?hB@pAYNGsAKw^IFqPs[bGGP@cKZDEP`kONBCPPSWRAAO_[CJ@BPpK_TADoP[m{^oGYqImbkHJIUs\lfIaaihrikqjYovJ|bNUswl]RY?x\OFBm?v]^
64,:~?@?`?WKSBBAO_cMDDapH?iQJcQXOqUKbPxxM_SfsIHMcSerixmo[juJHms[itjyN?cog{QQ~_mvlqdZiUyT]hXfTyDevJevL\zZ_swlMRVeu_LvC@qz_Mff
64,:~?@?a?W[EBA`Ow[IiKEr@sg\JEqQS_bFHpacS^DGPAKOdIHqqc[^EGQ@{c`PHsacyZbSxDUTTeSuSLhD]RvTD\@WNtR\WxqY{Uul`kVzeetf?[mgB\v?[NN
64,:~?@?b?_cGFDapG[IB@_pWcMmOGsASsbMHRQcwfEIpqsofKISqlOlIFqp{_jHJQHKiVfSyDT|N_SUdLdTZMvBt\BWPWsuPJrY|Eux^lWZEMld?ZmWB`t?\nN
64,:~?@?`?WgEBAAO_[OJBBPG[ULREbi@E]Qdbx`AYPfChHESQfsH[qNGmFjh~?`jGIyEo\kfJPyu^itI]TVeUXtm`ZhUYd]JFcvLlzZaswL]RRet_MVS@m{_MF^
64,:~?@?a`GGMAA``GOQFA_r_giIJeq`ckXGEqPkYNWIdjP]eTiDiH]cVgSHs~AakfzIAu^mGJiE{akUjTfUluJ\AnQkrIkyjFcq{EfDhqY{uu|jmZOFJi?v]OFBn
64,:~?@?a__[CHBaO_cCFA_q@[[XFcQPcgVDbRq\?hNgSQ\GhLfUB\[xVkURdgvTjVs]@H`Pwcd~@\nZdIvSltI|IrMksI|mVLmYzuv@hpY[enLl?ZmGBhv?[nN
64,:~?@?a_gGIAB`@GWQH@`r_giIJeq`ckXGEqPkYNWIdjP]eTiDiH]cVgSHs~AakfzIAu^mGJiE{akUjTfUluJ\AnQkrIkyjFcq{EfDhqY{uuxjnZOFJi?v\oFBr
64,:~?@?a?OSGF@`oxOEDGCp`KQLDdQ@[gVFCpxpA]Pebh_}_TisidN?PpFsLo|ZMucL|@ZOuRd_z]OVy|ZOksj[ynSjrJKivFcpZee|joY{UfHlrZOFJi?w]OEzn
64,:~?@?a?gKIBB__wOMGFa@Ws[PECQgkeULeCIKy^PHSASukViDYXYmYlUZEKj^PWCLxD[OVR}DFapu|qhZjUyTm\VgUXdejHdxL]JZeswLlzR[t_LvK@oz_Mff
64,:~?@?`?WKEKAApG_UED`OxS[VHDQ@[YNKGSXpA]PeRYtKnSJTQ|IfWMVZPqu\kU[T|F_PWS\}|cSxdM\PcsX\q~UluJ|mzTvYLmZZetwLmJVcs_LvK@oz_Mff
64,:~?@?b?ocCD@@p?kGFA_pWkQeMFsASsbJGRAKsdMGq`{cdOdrHC]L[MvcD|BXNUBd[~ZOtcDgzSis{qrMksI|InIltJ[URFmYZun@jpZ[evLh?ZmGBdt?\nN
64,:~?@?`?WKEQCAo_sKJABpg[aaCBpPCWPFfCHg}UOdBh_uQNiTITMbOpFCLs|ZNwCL_|YNtrlcxZOwItVMkrJ\IrOjtI{ivFcpZuexjpY[en@lrZOFJi?v]OFBn
64,:~?@?a?wSEBB_ogSMiGCp`[[XIEPPkS\CFPaS[`GFpA[shHGqaKk^QISQ\KhOHRqCyZgTWdUDRbSurdgz]RXS|W~VOTRL`HqY{EMp^mYZUulf?\nGB\t?[M^
64,:~?@?b@?kQJ@`OW[IDB`oWkQmKErQSkdHEQQ[k^MGSQcghIIpalKlNJRas[bGGTYcaNhTUC|dPcSWc|\TbSur|pBYOVSlxLlWZEvDdmXzumlh?[MWB\v?\NN
66,:~?@A`oKE`?UA?wCC__U@@gMC`WYR?gEPCgsOb_}PCxGSaouKBg{Rc@QPcg]GaWi_GiCbf`}YGXk_f@y\Fx_aeQMUdxUfJY_miQyiJYknjA}chYYpLj?vkbarMJOulR]?MRm?Mbq?NRz
66,:~?@A__EA_W[B`GWF`OaA_WwL_oUC@gkLb?yHBWgM`WYXAwqFaH[Xe@iXFHgZcPUQDhOZcpqNcH]WdXYVeI[kiAmhJIgjfQU]HiOdgqY^IY?igQ]aIJKvlBanKZ?qjbUlLg?zNG?xNW?yNn
66,:~?@A`?GB_OM@?gMA_WUE`G[G`oeGAWgJa_qJBGyNbXAPchKScpUSDXWVd`aVEHiZeX{_fqE_GXq\ficdHiadHyWfgqacIIIpIrAkKIsnja}hiiiolrauMJCtkbUrLjOv_Bs}_Bcz_Bg{
66,:~?@A_oE@_WGB__UA`WQK?wQIAw_JaGYFbGkLb?uHAgeOChCRb`ANCXGVdxQUdYGRhACbfaA\FxobgQI\Gxk]e`}_GiEXeIgmiq}hJYoliAyfJyUehJ?ukR]qLzKulBatMG?zNG?yNg?xN^
66,:~?@A`?CA__M@?wIB_WUE`G[G`oeGAWgJa_qJBGyNbXAPchKScpUSDXWVd`aVEHiZeX{_fqE_GXq\ficdHiadHyWfgqacIIIpIrAkKIsnja}hiiiolbavMJCtkbUrLjOv_Bs}_Bcz_Bg{
66,:~?@A_oE@?gIA_WKD`gWF`O]B`GqHBWkKa_uGaWwQcx?QcPMMbxaTEXWWdpeSdXg]fxo]fP}YeyQ`HYGcgqU`gIWjiAmhIiYihz?pjQ}mKY}ojJcuMJSwlR]qMJKvlBY?MRm?Mbu?NBz
66,:~?@A`OCA_OMA_WQB__QB@GSH`_]GaOiGAgqFawsNb`IRcHERDHGSbx_Xd`]TEHc[fHmYhP]`HIGbgAQ]Gh{`gqUchXuoJA}lJykniQuiJi_mjIYflB]rMJSukbapLj?v_Bcz_Bg|_Bo}
66,:~?@A_oED?WI@?gIB@GKE`?UCaGaFc_YDdP?Pb`QLBwoSc@IPCwsSb`INCxAPagmHbI?af`}`Gxc_eaEZGx_af@y\FxUVdi[liAuhJiomia}jJyQdhj?ukRatLzKvkbasLg?xMg?{NW?zNn
66,:~?@A_oCA_WEA_gkCAGKH`O]EAgaD`HKGAgWH`oiHc@INCWsQapAKCWwNdhYSdXMQh@wbgAE\FyGbf@}YGXc_epy\GyIWdy_miQ}jJigljAufJyUehJCukB]rLjOvkbatMG?zNG?xNg?yN^
68,:~?@C__E@_W[B@gGD`GMD_gOE`OYFAw_HagkKa_qMaWuNCX?SdXIRdPYSDhEYEx_XdpiZFhy\fI[XgqYcHYGegAQ`GySfhi]^kawpjrElKYknjBAiKIygiZWxlRivMJOykraqMW?zNW?{Nw?}ON
68,:~?@C_oID?WCA_gc@_oaB@GOF`_aFAWQGaWUDdpCQd@YRDX?SbpUQDXCUbPMMDhQNcGmIbI?agQUbHHo`fQAZGx{deaQ]GhaXdykojA}lJycpibEmKIYghzWwkberMjOxlRivMG?|Ng?zNw?{ON
68,:~?@C`?M@?gCB__M@_gOGaW[G`_eC`WyJBwoMbO}Iax?SdXGScpUOcXiVEx_YePmUdxo_gXw_fqE[fYYbHyOehQ]bgi_liaujJIakiZGrjrEoKzEqjjkwMj[ylresMjSxlba?Mru?NB}?NcB
68,:~?@C`?GB_OI@_WIBb?MEAgOJaOiFAGUF`hSIBGcJa?qJc`QPCx?SbPIMCW{ReHaUdxUSha?dgaM^GYOdfAM]GXkafQA^HYQYeYkoibElKIonja}hKY]ghjKwkbetMJWxlBivMg?|Ng?zOG?{N~
68,:~?@Ca?GB_oQ@@WCE`?]D@wGE_oYA`GUF_X[PCxGSdPYODXKUb@INCWwSbPYTcGeGawiaGyOdgAE[GhscfaE^HXk_eaMVeHeiJycoirAlJyopjbEehyarMJGxlBitMjWxlra?Mru?NBy?NsB
68,:~?@C`_GB_OQ@@WKD__Q@`WQA_wWL`oqHagaMb_}JBWoNaxGScpUOChCRd@eXdxaUh@UeGqU`Gh{_faUbHH{dfAA\GYGcgxmYjRAkKYknja}iKIcphyaekbarMZOxlRauMj[y_Bs}_Bp?_Bk~
68,:~?@C_oCA_WIA_WcDAGOE`GUFAGWG`wMJBwoOawqLCGwNaWiSDxKWcxQTDxWWcXIZFxo_exq\GHw^eXicHyKghQ]eIIMcgYIqJREmKYsnjbAjKIonkYeikreqMjOwlRauMZ[y_Bk{_Bw~_Bt?
68,:~?@Ca?SE@wYF_wQD`WYF_gEB`GMC_gEA_XKVd@aNDX?UbpEOCgsPb`IJDgoTdpiWEWsSb`MHEWgYawqHaikmjAufIy_khQueJhw`fQI[Fxk_gqecIjSylbepKzGsjr]oMG?zNg?{NW?~ON
70,:~?@E_oIE?WEA_gEB@WKC`OaCAW_IaOiD`G]E`g]XCpQUDxSWcP]QEHKVd@aNDX?UcXIJbGuMhAUaHiKffAQ\HXwafqM_HiCfehmXirEkKisrjbMnKj?piYiglBqtNJWylrmwMjcz_B|?_BtA_Bx@
70,:~?@E`OMC_gEA_WI@_omCBG[Ka?mD`geICwcPa`IB`GUE`waNDx?WePmYFHWZdPqLbaMfEXiPHXGecq]SIH]WhYY`JYGmjQ}mKH{kgAmfJy_ofQi]IYKdhAYrLZOumRmyNJCwkb]?NRy?NsE?OCJ
70,:~?@E_oE@_WIAa_IK@?aBAWWG`oeD`WQBdO_IaOiEAw[JaxGRc@QPDGoObPEMCg{ReXeTdh]WdIKcgQUaHhsbfaQ^HY?ega]`Hxm[eikpjBIlKywrjrEoKieiiJWylrmsNJS{mBmxMg?|Ng?~OW@?On
70,:~?@E`OGC_WCB__M@`GQBb_IDBWWI`_mHBGeFaH[JBWgMb?yLcpYSDXGUcPQOCw{TehiWeX]UiAGfgqQ`HYWffqM]HXscgAI`HyY[eysqjBMnKiwpkBEjKyeiiJSylBmvMj_zlbqxNG?~OG?|Og?}O^
70,:~?@E_oE@_WIA_goCAWKE_o]GAgUDaWQTAOiEAw_J`oiJc`MODHCSb`ALCw{Qb@EXeXYVeHUShQY`GyGcfaM\HX{cgAYaHyCfexqYjBEmKikrjRMnKZ?qiYiglbivMzO{lRqwMzcy_Bs}_B|@_C@A
70,:~?@E_oI@?gEAa?ED@wKF`gUB`GWG`oaHBWgJbGsMb?yOaw}PCxGUdxQTdpaUEHM[FXgZePq\GIA^ficZhQaeHyOggaYbHY[hiIe`lB?rkRMnKyspjbIkKjAiiz_zlrqxMjW{lRisMw?|Nw?}OW@?On
70,:~?@E_oCA_WEA_goBAGOH`oaC@gUDaWiTA?iHAgWJ`omJc`MODHCSb@ALCW{Qb`MXeXUUdxaSgqQ`HYGefQM]HH{dgAY`HyGfexqYirEkKisrjbMoKY{qiYiglbivMzO{lRqxMj_z_Bs}_B|A_C@@
70,:~?@E_oI@`_E@?gID`?UD@gKC_waG`g]HBgcNagmKcH?PbOyNCWuSDhSVc`QRDXWZexeYeIWViASfgqQ`Gi?fhQY`HxwafqMcHiU\fI{qjbMlKZ?pjBIjKyeiiJOylRmuMz[ymBqxNG?~OG?}Og?|O^
70,:~?@E__E@_WWC__UC@WKD_wIEAgmGAgcJ`g]ObPEMCG{PbGuQDh]SDhSVchM[ePuYFHk\eHe]GiM_GiCbfh}ghQeeII[hhYQiJyonjQyijimsLZCrkbUrlJA|MbqxNJczlbqvMz_y_Bs~_Bx@_C@A
72,:~?@G`OGB_OQB`GGC_OMA_W_J`oqFaGcKa_mD`g{Rc@QNcHCRc`QLbh_ZdpqVeHc[e`mTdh{bgAQ^gICbgaQ\fi_jhqqhJIgjhyadhjWpLZGtkRMqLI{rkBQtjYyvNZW}mBqxNJg}mru?NsA?OSM?OcR
72,:~?@G_oE@`_EH?gIA_oUC@wSE_oaCAGWF`oeDawiIaweGep[Yd@UUEHKYd@iPEHGVdPeUEXMLbhANbISfiAecHi?egQU^HIGfgqa]IXq\eyssjrMoKzCsjbUqLYmijJW}lrywNZc{mrqyNW?~Og@?OW@BPN
72,:~?@G`?IB_WCA_OMA?wOD`?YD@gaH`wmKagsMbO}MBx?Pc@IPChQTcxYVeHcYePmYExo\f@y\FiA`fySehQ]eHyIbhI{jJIyjJYoliQyiJiavKRYqLjKtlBUnkJAunBy|Nj[zmBmxNJg|_CLC_B|@_C@A
72,:~?@G`?MA`oEA__M@?wEL@_qC@WWG`?]JBGSEbGmIaXcFaH[WcpQTDh[Ye@eQCxCTd`iSEX]WbWyObyWhhqacHY?fgQYaHIKdfae^IHq\eysrjbQoKy{skRUqLYijjJW|lrqwNjc}mbqzNW?~OW@?Og@BPN
72,:~?@G_oE@?gWAa?II?WoDAwSH_o]B@g_J`oiHAgWJ`weD`GaZDPYVEHcYd@eWEhCTc`]RDh?YeXQLbGyNha]gIYOdgQYaIY?dgq]^HHwgexq\jRQmKy{rkRQoLZGtiimklbqvNZ_}mRyyNJk|_C@@_B|A_CLC
72,:~?@G`OCC__M@?wEA@GQB_g]GAg_Ja_qJBGUEaXWLCgsRdXGScpQODXCTbg}_FPyaFxk\f@yXFxg^eHaUdycigQ]`IIKfhAadIYWigIIagZKtlBUoKzCsjbInKimkjZ_{mRqyNZk}lbuvNg@@Og?~Ow@?PN
72,:~?@G`_KD_OQ@?wGC__U@`WQBc?IEBw_K`oyJBWmHahcMBwoObPANdPaUDxOWcpYQDXCVfHqYexeWiaOhhQYbHy_hgQU_Hx{egaQbIYa]fY{sjbUpLJ?rkbMlLYmkij[{lbuxNJg|mByzNg@@Og?~PG@?O~
72,:~?@G`?CA_gCB_wIB_WSF`OeG`wQEa?iHAgkNb?uMbpAMCHILcXKTd@aXdh]XEh_YdXw^f@uZFh{agiE_ipufIi_hhaicIISfiQmiiyMuKbUrLZCtjrMoLIwskiqlmbuxNjk{mByvNJW|_B|@_C@B_CHC
72,:~?@G`OGC_OMA?wE@@GQB_g]GAg_Ja_qJBGUEaXWLCgsRdXGScpQODXCTbg}_FPyaFxk\f@yXFxg^eHaUdycigQ]`IIKfhAadIYWigIIagZKtlBUoKzCsjbInKimkjZ_{mRqyNZk}lbyvNW@@Og?~Ow@?PN
72,:~?@G_oCA_WIA_WUC@gWF`O]B`G_KbWkKa_uGaXINCx?QcPMMbxOWeXWWdpeSdXyZFxo]fP}Yey?chYGcgqU_gYifIy_iiQmfhiopjbEnKIqojZWvkrUsLzUukj{{Njk}mruwNjc|mbq?NsE?OCM?OcR
72,:~?@G__E@`OEB@GGC_wID`WQGAgcJaGeIBGkK`g]NCx?SbxAPCxGSbWyVEx_[dxaXExg[dXY^Gy?cfyA`GyGcfXyfIy_kiQmiJI]ghYYuKRUqLZCrkbQnKz?slYumlbuvNj_{mRqyNZk}_B|?_CDB_CHC
72,:~?@G_oE@`_IA_OII@?UFAWSH`?YB@WMHaGYFa`AJCWqLbhIQCw{Pc@MNd`aVEXSUd@]WFXuZfHigEYgfIYSegqQaIY[ggqe_HICdhaaffxypLJ?tjrMqKywsjRUjjIiuNJ[|mBuxNJg}mry?OSI?OCQ?NsN
72,:~?@G__ED?WEL@?]BAGcKa_mFAW_I`omGBGSK`_mA_gUE`GMC_weIeP}YGHk]f@uRDxOWcQAQFw{Zc@qTFXW]bWyVeHiXkBInKY[niBAjKYoqiauhJiClgaybHYOelbetMj[zmBqrNZO}_CDA_B|C_C@B
72,:~?@G__E@_WkEAG[G__UCAGWI_oeHAgUA`WYC_w]Fage^C`]ZFXW]e@uTFXg]dpeUExOXd@iNCx?[b`qKFgsTcPa[chMJkRIhKIoojQ}mKiSnhbE_IICffqIbIyOilraxNJWylBytNZKz_C@B_B|A_CDC
72,:~?@G_oI@_WKC__UB_gEC`W_KaOmGAgcI`g]PcgsSb`MOCW{QawqXehKZd@qVEX_YdXYZfICcgaM^Gi?`fXyfIY_iiYidJiWlgyQjKYoqkZIlLYwujzAxmjm{NZ[|mBytNJWzkrisMW@@Og?~Ow@?PN
72,:~?@G__EC?wI@`WYB_wI@b_uFa?}LbgkLb?yHAwgK`GQHag]G`WYPchc\e`yZFxo_cp]SEHC\c`yTFHWZfy?jdxaXeg}OirEkKisnjbAhKIgnhqugJiCqgbEcHYKelrmwNJW|lRysMZKy_B|?_CDB_CHC
72,:~?@G`?E@_OIAa_GB_wMCAGSF`?eDAWWG`omGawqKahcHep_Yd@UUDxKWc`iSEhCVdPeUEXaRbhANbYWfiAecHY?cgQU^HiGfgqa]IXq\eysrjbQoKzCsjrUqLYmijJW}lrywNZc{mrqyNW?~OW@?Og@BPN
72,:~?@G`?EA`oI@_WIL@OYC@WWK`oqHBGgJa?mE`H[Gag]H_wMBay?SEHg^dp}XFxg\ePyVEx_Zc@UQDhK\cPqMFG{]dhQUbXUpKj?qgRAgJiSnhA}jKYgmgaqfJYWhgAMtLzWxmBmyNJK|lBy?NsA?OcM?OSR
72,:~?@G_oI@`_I@_gEDAGSH_wQB@wOEaGeD`g]JBGgLc`MQDHCRc@QKbX{MbxAPfQE]Gh{agAEXExg[dp}WGHUUfhuZfHu]jREmKi{pkBIcIyKkiQmiJISnhbAfJY_mmRuyNjSvlbasMzK{_CDA_B|B_C@C
72,:~?@G`?I@_wCA__M@?wOD`?YD@gaH`wmKagsMbO}MBx?Pc@IPChQTcxYVeHcYePmYExo\f@y\FiA`fySehQ]eHyIbhI{jJIyjJYoliQyiJiavKRYqLjKtlBUnkJAunBy|Nj[zmBmxNJg|_CLC_B|@_C@A
72,:~?@G__E@_W[A@gGDaoQB`gUE`WQB`oeGAgkKbPEMCW{Qc@IHageIawqLbg}OcpQ_GiCbfaA]GX{afqMUEh[Ze@qXFXUYexq\kBIpKy[oiBEhKigrhQ}eJykkjQycnBy|NjWvmBesMjSz_CLC_B|@_C@A
72,:~?@G`?I@`oE@_gIL@OYC@WcK`oqEBGgJa?mC`g]HaGiB_wMJgOsSfaASGHS\d`}YFx[^e@mXExWWdpeRFh?_b`qPFW{[c`i]dYkribMfKiKqhAUaIYWmiA}lKIopgZo}nRyxMzWwlBitLw@BPG?~Og@?O^
72,:~?@G__E@_WWA_gQBaoOD_oUD`_iFAgWG`oeLbWmKe?iGaXWVc`QRDXWXdpiQEHKWd@eTEhYVbg}OcYWghqecHY?egQ]aHIKdfaa^IXq\eysrjbQnKz?skRUqLYijjJW{lruwNjc}mbqzNW?~OW@?Og@BPN
72,:~?@G`OQB`gIA_WEH_WuD_oiDAwOK`_aBBwQTbgIFepiSEwoLcpUHEWiZegyPGhIGGwmYGHANdaEVHX_fdqiWIXYXKG]^GHs`faI[GySqhBIiKYWgjrAfIycmjAuuMzS}lBerNJ_|lri?NsA?OSQ?OcN
72,:~?@G`OQG@_]@b?MAawgM_W_K_pAAaWSJ`_i@@WOR`ouC@hQB_gwObpaPCxGXb@mTFHW\apmHdGuYah[ifQY[Hyeg`yyngQU^KI?qkRIaIIOfgqYkKHwhjREjJygmlBayNJWxlryzNZKt_C@B_B|@_CHC
72,:~?@G_oE@_gIH?WIO@?mBBGOF_oaHAwcKaouKBgsNb_}FAg_I`waN`WYLbgUEc@qPFYGbgQQ]GXwaePqWFXgbeqQSFxS_d`}VGHIRjRMmLIcribQkKYkqhq}gKIUelbutNjg|mRyvNJ_z_CDA_B|C_C@B
72,:~?@G__E@_WkDAGWF`OeEAg[Ha?iCAWKI`GME`W]G_gI_CpQ[Fxs]cpUSDhcZe`mTFHW\dp}WFg{]c@}LFGw\apeKEhCVc`aZkRMqKy_hhqi`GyGchQmeJIsnjbA_nBy|Nj[ylbmsMZSw_CLC_B|A_C@@
74,:~?@I_oED?gE@aOIAbOOE`oaGAwKC_oqEAGgJ`oqHBGQJageD`XsVEHcYepqUFHg[c`]TEHKZd@eUbg}LcHEfIIgjhaeaIYOghQ]bIyCegAi\fh}nLZCukbUrLj?vlB]kjYyxNjg~mCAzOJo}nR}?OcM?OSQ?PSZ
74,:~?@I`?CA_wGB_OM@_gaDAWWG`oeC`WgMbwoMbO}IaxQPDXGScpUOcXWYex_YePmUdyA\GXw_fqE[fYGehyOehQ]agyqhJYgkiquhiIwrkBMpKiyqjz_xlR]uMZ]wlKC}OJt?nR}yOJk~nBy?OSM?OcU?PCZ
74,:~?@I__ED?WEG?_MC@WKE_o]C@wIF`WYQ@GgPaPAGBgsNbWqJep?PbpIMChEVEh_Xd`iSEHSVcpe]fhu[exikHamfIIShiambHyGhgQacHiSjiiA^kRYoLzKukbUsLY{vjYykmRywNzk}nB}yOJt?_CLC_CDE_CHD
74,:~?@I`OGC__M@?wCC_WMC_gWH`omIaWUGa_qJBGsPb_}OcPIOChQNcxSVd`iZeHeZFHg[dy?`f`}\GICchIMajP}hJIgjiAqeIi[hiqukjYUwLB]tLzKvkRUqLj?ulIynnB}zOJs}mcAxNj_~_CDB_CHD_CPE
74,:~?@I`?I@`oM@_OMA?wIEAwSE`O]EAGOF`GmIaGeLCgoRbg}OdHOTcPIRDXEWEhcZd`aVEXg^fxu]fIgZjAcjhqadHiOjiQidIyGegq]gIie`gJKukb]pLZOtkBYnLyumjJ_}mR}yNzk}nCA|OG@BPG@APg@@P^
74,:~?@I_oI@_gEB@gODaoeI_gEB`GSH`_iFAw_KbxANc@]LDgwTaWiLbgmKfP}]GHcZe`qTFxW_cxQPcaefiHu]dqyWJXm[iyqdKyWskRMqLICngbAbIIOfjREmKicjiaqvMZ_ymr}{OJW|lRy?OSI?OsU?PCZ
76,:~?@K__E@_WWC_gcA_wKD`?UDa?uFAG_H`oiEAWYLbGiJbpQMDXAPchYUDxKTd@]Re`qZFXcYe@m[GYE^gHykFYwjJYcihqaeJYkkhqucIIShiaqjgyItMJOxkr]uLzGwkRenkIyyOJl@nCE|OJxAnsI?PSY?PCa?Os^
76,:~?@K__E@_WWA@WQC@WKD_gMI`omHAg_J`g]KCHEMCG{PbGuUcp]SDhSVchMWFHuYFHk\eHeafqM_GiCbfh}cIIeeII[hhIUmiq}kJisniyioLZGtkrQolJEyMz[xmBmxmjZBOCI~Oj|@nCI|OZx?_CLD_CPF_CXG
76,:~?@K_oE@`_I@?gII?oUEAWOG`OeC@WMHaG]S@goRa`AJCW{QbwuMfPCRc@QQDHMXFHgZe@qVEhWXdPm_gHy^fXqmIAuhIi[jjAudIYOjgqieII[ljII`kraqMZSwlB]uLzCxjzAmmsAyOZt?ncE{Oj|A_CTE_CLG_CPF
76,:~?@K`?IE?OMG?WGB_wIL?W{FBgOD`oqDAwOIaOyKBWkMa_uD`wqG`ga^EPiZFHs]e@yZFhO[dpiTFXWXeG}RcXAQiQmiJI_lhAedIiWjhqubIIGkfyA`kRaqLzOvlRarMZWxji}omcAzOZpAnSI}OJ|@_CPD_CLE_C\G
76,:~?@K`OEB_OQA@GCB`GML?gIO@_qEBwSI`OmHBGsNa_yJBwqL`waMfpgZePq\Fh_\f@ySEh[XdPmUFhuWcHERcigjjAugIYWjhQqcIY[lgqaaIh}_gZCvkbarLzSwlBeuMYynkJh?msE{OjtAncE~OG@BPW@CPg@FQN
76,:~?@K_oCA_WIA_WcD@wOG`GUFAGWG_wYJBwoOawqLCGwNaWiSDxKWcxQTDxWWcXIZFxo_exq\GHw^eXicHyKggyQdHyWggYIjJyoojRAmJymkiYiyLReuMZWvlRarLzOwmZEqmcEzOjp?nSA}Oj|@_CLC_CTF_CXG
76,:~?@K`OGB@GM@@GCB_gIL?WQOA_qKBwWH`_mHBG_JbO}IBgmNbW]MfpcYepq\Fh_\f@ySEXSYd`mVFhuWcXIOcygkiqugIYOjhaidIY[kgqaaJX}_gZCvkbarLzSwlBeuMYynkJl?mcE{OjtAncA~OW@CPW@BPg@FQN
76,:~?@K_oE@_W[A@gGD`?YA?wMD`gQHAw_LbGmFagoMbOyNCx?PchKSc`QUcXUVEX_[fXiZfPy[FheaGy?`fqIbHiYdhI{`iqykJYgmiAqhIysnji}fmbWxlretMZKvlBaqMJYokZx@nSI~OJpAmsAyOW@BPW@CPw@EQN
78,:~?@M__EE@WI@_gEC@WKEaWiBBWOM`waD@wWGaouKBgQBaWiOCW{QdpeWEhWXdPiPciSVeHMSgqUcHiSfhaa\GXwafq]_IHm[gyQ`giQbkr]sMJSvlbahKYgqjrEoKiktjBYlKywsnsN?PJk|nByyOZdA_C\G_CTH_CXI
78,:~?@M`oI@__M@@GUE_wQA@WCE_oYC@W[Ja?qFBW_MaOqIAw}OcXI^BWy\Fhc[e`m\Fxw_dpeWEhk^fAA\fhMSdXYkJisniamfJIWliAihIyOmhQ}agyErMjOxlbetMj[zmBmokZI{OjtBncQ~PK@AoSM?PSa?Pc]?QSj
78,:~?@M`?GB_OM@?gMA_WUE`G[G`oeGAWgJa_qJBGyNbXEQcHKScpUSDXWVd`aVEHiZeXq\fh{_fqE_GYGbgaQbHIYfhYkkiqukJYahijSpKjQpKzGrjrQoLIy|LrqwNJczmbmtljY{osRAPJt@ncE~Ok@B_CdI_CTF_CXG
78,:~?@M`_GB_OQA`GUB_WCD__QB@WWH`oiIAwcKa?mGbg}KbXCUc@]QcxQWe@eTDh[XdXo]fP}YFHk\faMbgYI_j`}oJQ}jJIciiA}lJicnhaifIyomjYUclriuMzSxmBesMjKzkZIonCI|OzxBnsJ?PKDC_C\G_CXI_CTH
78,:~?@M`?CA__M@?wIB_WUE`G[G`oeGAWgJa_qJBGyNbXEQcHKScpUSDXWVd`aVEHiZeXq\fh{_fqE_GYGbgaQbHIYfhYkkiqukJYahijSpKjQpKzGrjrQoLIy|LrqwNJczmbmtljY{ocRBPJt@ncE~Ok@B_CdI_CTF_CXG
78,:~?@M`?EA_OI@_gKC_o]BAGOD`W]G`gkLa_}MbWeKb`ANCHCTc`MSdPYSDhaRdxcZe`y^fHu^GHw_eyOdgaM`HISgiI]ekQMlKIwnjBAiJikljrEokYe{MBmxMz[zlReuMjOymJIroCM~PKDAncQ|OjpB_CTF_CXH_C`I
78,:~?@M`?EA`oEA?wCA_wMC@gWI`OmE@wSF`GeIaxWGb`ULDGoRcPIPbxA^D@URDhGUdXk]f@uYFh_[ePmVFYIagIE^fj?iJykkiQumJy[jhaudJI_iiQ}mhIMtMjOzlriuMZ_xkrmpkjA|OjpBnsJ?OzxCoSQ?Psa?PSi?Pcf
78,:~?@M_oE@?gIA_WKD`gWF`O]B`GqHBWkKa_uGaWwQcx?QcPMMbxaTEXWWdpeSdXg]fxo]fP}YeyQ`HYGcgqU_gYWiiy_iiQmehzAlKYwojrEljJGvlB]tLjIukzo|mRmyNZm{mKTAPKDCoSM}PJ|BoCI?PS]?Pce?QCj
78,:~?@M_oCA_WEA_gcB`GQL@WYFAGWG`O]Ga_qHAwcMa_uKCgkKcg}OcX{Lbhs]e`qXExs^faAVEh_XeqA[Fxy\cxQTdionjQyiIyWkhqugIicjhQycJyIbgZKxlBiuMZSylrmwMzApkjpAnSM}PJ|CoSJ?Ow@DPw@EQG@HQn
78,:~?@M_oE@_WUG?_MI?gGC`WQN?xCHCGWFaOyFBGWLapAMBwsOb?}FaWyIaGi`Epq\Fh{_eaA\GHW^ePqVFh_ZehETcxISiqukJignhamgJYckhq}dIiOmgYIblBitMZWxlrirMz_zkJEqnCI|OzxCnsR?OkDB_CXF_CTG_CdI
80,:~?@O`OI@_OIB`GKC__M@@GSG`_eD@g]GAWmKag}OCh?Rc`QRDGuMcXwTEhSZfXg[epqWFXc\dh]gHQYiHyKdhAY`HyGfgIA]fzCqiQ}hKIknjBAlKYwqiIiiiZk|nBuwMzc{lbivMjMsl[@CoSRAP[LEncU~Pg@HQg@FQw@GRN
80,:~?@O`?I@a?I@_gEOA_qJBWWG`oeKBgsNa?yHBwOJ`OiKbWYF`g]NbgMB_wQDfQI[GiKdhAY^Gxwce@iXEx?^cPySGHS`caARGX[ddaYYexq\lrewMjSvlbajMYoyjrIoKY[liAyhLIgroSNAPJt?nb}zPZpE_C\H_C`I_ClK
80,:~?@O`?I@_gEA_X?CAWSGa_uJBGWM`o}KBgsNbOyKBwiJ`GUGaWiJ_wYF_wMYGhkagqUcHi?egQUTFHO\c`yRFxW]dp}OGHC`eQMWHHmYfHuvMZ_ylbetMikvjBapKzGshqugJicoia~@O{HCnSA}NzlEnCU?Pse?QCi?Qsr
80,:~?@O`OMC_OIA_WKC__M@@GSG`_eD@g]GAWmKag}OCh?Rc`QRDGuMcXwTEhSZfXg[epqWFXc\dh]gHQYiHyKdhAY`HyGfgIA]fzCqiQ}hKIknjBAlKYwqiIiiiZk|nBuwMzc{lbivMjMsl[@CoSRAP[LEncY~PW@HQg@FQw@GRN
80,:~?@O`OGB_OQB`GGC_OMA_W_J`oqFaGcKa_mD`g{Rc@QNcHCRc`QLbh_ZdpqVeHc[e`mTdh{bgAQ^gICbgaQ\fi_jhqqfiIckiamdhi{rkBQpKzGsjzAljjwxNZg|mbmxNJ[{mBm|lZY}PZ|EoCR@PKHDosY?Psa?Qcm?QSr
80,:~?@O`OE@a?EA@GGB`O]B@gOF_oQA`waG`gUUApEHCGgRb@INbwuMfpCTc`UODHKSdXo\e`yZFh[Ye@mUFHc\gyM^gIEafi{oiqukJicliayfJy_oirEkKYUehJ[zmBqtNZW|mbmxNJMskk@CoSU}Pj|EosRAPW@FQG@HRG@IQ~
80,:~?@O`?M@?gCB__M@_gOGaW[G`_eC`WyJBwoMbO}Iax?SdXGScpUOcXiVEx_YePmUdxo_gXw_fqE[fYYbHyOehQ]agy_kjYgkiqugiZInKz?qkRMnjjOxlbevMJQwlZw~mru{Nzu}mk\CPkLEosV?PkDDocQ?Pse?QCm?Qcr
80,:~?@O_oCA_WEA_gcG`gQC_wUD@w[G`_aHAwcKaouKBggLahEObg}QEHKXdHUUehgZdpaXEx]]GH{`f@y\Fy?dhYMcgj?`ka{pjQyjJIgpjrAjKY_kiQumKI}fhjc{mBuvMzgzlbqtNZMskjxCnsV?P[DCocZBPg@HQg@GRG@FQ~
80,:~?@O`?EA_wI@?wEA?wOE`?UDAWWF`weIaGoNbPEObwmMc@IPChKVd@UUdpaUEHiTeXk\fAA`fh}`Gi?afYWfhAUbHi[iiiegkqUnKj?pjbIkKIsnkRMqkym}MbuzNZc|lrmwNJW{mjQtocV@PkLCoCY~PJxD_C\H_C`J_ChK
80,:~?@O`OI@_gQB_oQ@@GGB_WSE`_]GBW[Ha?eDbWmKe?iODwwTbpQRDhMPciCSDxSWd`aVfQA]Fxo_epyYFXc^hIQagyE_kaopjQyjJz?piQugJy[miaqjKZAehZ[{lbuxNJ_zmbmtNZMskj|CncV@PKHDoCZBPg@HQg@FRG@GQ~
80,:~?@O__EE?W_@__MA@GKC`OYC@wSF_w]GaGYDd_gPapAHCwoQbw}Lbh{PDXGTc@QRDHU[FXg]epyVEh_Zd`qXFYMbfyA`ghynKIkljAyhJYgmhq}gKIkpjBEdhiQvMz_{lRuuNZczmbqrlJJ?PKDDncY~PkHCosU?Psa?QSm?Qcr
80,:~?@O__E@a?EB@GGC_oYA@wSE`O]CaGaE`wUUAPIICwkOb@ENbwuMfp?TcPUQDHKSdXo\e`yZFhWYdpmWFHc\gyM^gIEafi{oiqukJicliayfJy_oirEkKYUehJ[zmBqtNZW|mRmyNJMskk@CoSU}Pj|EocRBPW@FQG@HQw@IRN
80,:~?@O`?E@?wCAaOMAbOMAcO[Na@AGAw[K`?eCAgsNb`AJBWoMaO}ICG]GawqD`hs_f`}`Gh[^eAAXGXgaepu[FhEQcxQTdismjA}oKYWkhqugJicnibAjKYMchZS{lbmvNZ_|mRmyNJIrlJxDnsR?PKDDocZBPg@HQg@GQw@FRN
80,:~?@O__ED?WEDaOKC`GGC__ME`gUP?xKOCg[Ga?}LCG[McPIMCGkLb?}GchEIaWibFPy^GICafAI^Ghc\epyYGX__fHUUdxQRjrAmKYoliA}hJYgmirEfJIWogyQdlRmuMz_{mRqvNZg|kjMsncR?PZ|EoSZAP[LC_C\H_C`I_ClK
80,:~?@O_oEA_g[@?gEBaGSE`?YB@GaFcOYDd?cOa`MHBggNbPAPCw{Qb`MOcWqJciK\Fh{_gQI[GY?ae@yZFXc^eaI`fHQTdh]nKYwojAuiJycoiAujKY[khaybhIUtNJWzlrmxNJ_|mbuqkzQ}PJ|DoCZ@PkHCosU?QCe?Psi?Qsr
80,:~?@O__E@`OEB@GGC_wID`WQGAgcJaGeIBGkK`g]NCx?SbxAPCxGSbWyVEx_[dxaXExg[dXY^Gy?cfyA`GyGcfXyfIy_khyahIygkhYYnKz?skRMqLI}ojYy}MRuyNZczmbqvMz_{nZUuncU~Pk@CoSRAP[LE_C\G_CdJ_ChK
80,:~?@O`?MA?wCB_gE@_gwFAGSK`_mIBWcL`waIaWmKbGmC`GucGQM_Gh_]epyRGhS_eqESGHW^f@}VFxsbdPYREhcYd@a[FX?abqMMGXCVc`e]jbinMi_kibahKi[pkrQdMYOojR]jLiWtnRz@O{PEoCU{NzlA_CdI_C\J_C`K
80,:~?@O`?CB_OI@_gMJ?gMMAOmIBGkK`ouGBWuHageI`gYC`WaFh@c]dpyTFxO`eQARGH_beAIYFxk`daIRGxOYdpmTFXW[f@uMFw{bcAAQGXCafiwyjrigKycpibQfKiSojBelLikvhbacLZw~nSJBPkDCmsU{OG@HQg@GRG@FQ~
80,:~?@O`OEB_OIC_gKC__Q@?wSH`_aD@g]GAWmKag}OCh?Rc`QRDGuMcXwTEhSZfXg[epqWFXc\dh]gHQYiHyKdhAY`HyGfgIA]fzCqiQ}hKIknjBAlKYwqiIiiiZk|nBuwMzc{lbivMjMsl[@CoSRAP[LEncU~Pg@HQg@FQw@GRN
80,:~?@O`oM@_oUB@gGC_OQA@WCE`gQDcoIGCg[N`pEGCGwQb?}LCHCRcgeJahMbFP}]GICafAE_Ghg\ePyWFxkagXqTdxYSjbAnKYoliQygJyglirAfJIWpgyQdlbmtNJ[zmRqwNZg|kjMsnsQ}P[@EoSZAPKLD_C`H_C\I_ClK
80,:~?@O`?E@_gI@_gwFAGSH`_uHAgOJb?uIBWkK`wMB_wQD`gaIbGmdDqIVGXW`faIWGxcceaM^HHW_ePmWFHs]cQMMHHG[dAAREx?Ybp}TFYEaiRiiMYkxjBinKIsmhrUgKySuhb]pMJGsosVCPjl@nCI|Nzx?_ClK_C\I_C`H
80,:~?@O`_EC@WCB_OIB@GGD`GUB_hCO`_qEBWwNa`AJCGsMb?}GaW]\FH{XExgZdpqWFHWXdPiPcXIRdIkfIY_hgqicIh{dgAY`HyGgiiUefhy\fXyrLJKtlBYtLz[wlbepMjGyirakMYwnjRAzNzp?ncU|PkDCocM?QSi?Psm?QCr
80,:~?@O__E@_W[A@WGEa_QB`gUC_wUEcp?QcPIMCG{Pb?yLBweHbGuQagmG`wiJaY[XGXg_eqI[GxwdfqY_HYCefPy\FxSedaURGhObdqQWHHeYexqwMZ[ykR]qMI{xkBifIY_ijRUmLiksjBN@O{HCnR}}OJlDnCY?Pse?QCi?Qsr
82,:~?@Q_oI@?gEA_WgBAG[H`gaC_wUDAW_H`_]IBgkLbO}MCGoNbHMQcHETEhOZdh]WfHo\ePiZFXe_GiCbfaA^GYGfhyUehJGblBCrjrAlJiorkRIlKygmiq}oKjEhiJk}mb}xNZo|mByvNzUulK@EoS^AP{LEpCbDQG@JRG@IRg@HR^
82,:~?@Q`OE@?wGBaOCC`GQBb_IP?hKGCgsNa@AIBWSJ`OqHCgwNc@EICgkLb@EMaG}O`g]^GY?agqQ\GXcbeaQ]Ghk^fAASdXYRdxamKI{pkbMiJicpjA}lKI_qirMdhi]vNz_~nByxNZg}mruslZZ?PkDFos^CPkHGpSa?QSi?Qsy?RCv
82,:~?@Q`OCA_OMC_wEA@GIB@G[G`O]EAw_HaWmKagwPbpMQcWuOc`QRDHSXd`]WePiWEhqVexs^faIbgIEbHIGcfy_hha]dIIckjImilQ]pLJGrkBQmKi{pkrUslYv?NB}|Nzk~mRuyNj_}nJYvpC^BQKTEocb@Pk@F_CdJ_ChL_CpM
82,:~?@Q`OE@_WYFaoGC_oQB__UA?wUF`gQTAOiGDGgPaPIGCHKSb`ENCHGSahMLawqLhP{`gAIbHHwcgAQZGXobfP}YGhyWeX]UdZ?qjrMmKYgpirAkJysqiQygKyUehz[|mRuyNjk}mB}{NzQtlkHEoS^?QKLGpCZDPw@IQw@HRG@LRn
82,:~?@Q__E@_WWC__UC@WKD_wIEAgmGAgcJ`g]ObPEMCG{PbGuQDh]SDhSVchM[ePuYFHk\eHe]GiM_GiCbfh}ghQeeII[hhIUiJi}kJisniimskRUqLJKtkZAuMz_zmRiumj^?OZs~ncE~oJrHPcbDQKTFocbBP{PE_CdJ_ChL_CpM
82,:~?@Q`_CA_OMA`WMC`?UA@WKC_W[G`_eIBwcJa_mGbwyLe_qQEX?VcPYTEHURdIKUEX[Ye@iXfqI_GXwafQA[Fxk`hiYchYMalAwrjrAlKZGriq}iKYcojAylKzIghzc}mB}zNjg|nBuvNzUulKDEoC^BPkPFocbDQG@JRG@HRg@IR^
82,:~?@Q`OQBaO]Gb?mNBWyA_WGN_PAJbGKT`@YFCW_QaWgZ`_uDBgSF`_aA_WMCbGmIaXCVc`aUGxScb`MLDG{^cAAZGXoaeQ]YIHsefaUdHyWghIM`gjczmbqtMZWylBmrNIcmiaujKYoqjr]oMKLDpCZ?OZ|AnSa}Pw@HQw@IRG@LRn
84,:~?@SaOKC_OID@wWG_gEB`GUE`waA_WMC`waD`gsPb`IODG{RdPYVEHcZe`qLEWwYbpmOFHGTcPYSDxKWageJbI{ojQyaJYCmgrAcJySihaegIy[kfXy^gK?zNZo}kb}pNzczmbqvNZ_}krQtLj~?QkDIpCZDP{HHosa?RtA?Qsy?RCv
84,:~?@S_oEH?WEP@?mABGGDaoqDBg_J_o]EBWoOb`ALCGOHaO}IBwGI_w}MbWaE`WQE`w]GcPIhIy[iiAieIyKfgAe[Gxc`daISIH{eeaE]HHsddqIZGH_cdQURkR}qNzWylRelLI{vkBMmMJk}nBukqCjHQkPEpS^@Ok@B_C|O_ClL_CpM
84,:~?@S_oEA_gI@_WOF_wYB`GUE`waG`WgMb`INCX?RagmKbWmLbGeQcHMPbycbHXgdeQ]^IHggeqY_HyGeeQY`HHs]faIWEx_cfqM[GHo`dq]TIHW\hXQxNjC|kBy{NYgnjBajLywqiRUsLisykrnDPk\IocR?QKDBnse?RdA?Qsu?RC~
84,:~?@S__E@_WcB_gKD__YG`wOG`?]D@wWG`gUHCwgSbWyJBWoMcPMQDGeIbxATDxWWfP}]GHk^fAAVeIk\fheYiQmiJIkljAybHyOghQueJiEaiYifiIeimRyyNZk}nBunLz?wlR]uMJCzkbqrMZOypSfEQkDBocR?Pz|G_CtM_ClN_CpO
84,:~?@S_oE@_WGD__QA`WQB_wwE`waGbWeIaouKBWcJa_qMCG{Pb`MNDH?QcPITdh]WhPMSgqQ^GY?agqUcHhs^faA`HYGegyQXehm[kbQrLZ?pjBIlKywojrEiLIktiIefmR}yOJk~nCA|OZx@lj]wocbBQ[PIpSjEQK\H_ClL_CpM_C|O
84,:~?@S`?IE?WIH?WI@c_oL`?UHAggKaOyGBgoNbPACBWkO`PENCW[J``EG`WyN_wMGcGME`yCihQegIi[gha]XGH_adaUVGx{ceaQSHhoadQe]Gxk\gYAQczs}kbqpMyozkrusNjg{kBajLi{tjR]mM[PDocb?Q[LFoSY~Qg@KRg@JRw@LSN
84,:~?@S`?I@_wCA__M@?wOD`?YD@gaH`wmKagsMbO}MBx?Pc@IPChQTcx]WdhcYePmYExo\f@y\FiA`fyIbhISehQ]eHy_hiAihIiqlizCqkRMqKyynkJkvMJivMZ_xlRiuMjRBNSI}Oj|@oCEznJrAqCjHQkLFpC^DQKXH_C|O_ClL_CpM
84,:~?@S__EA_WMC`WYBAGOF`WWJ_gELbg_N`pAKBWkMaWiNcHSVd`aRDXOUcXI\fhc^eaAZFXo]dxadhh{fgAabHYOegYIfiIsnjbAjJYomiYirLZOulZYpMZGyjzAvNZ_}nZyxOZhAmzrDpk^GQ[LIpCf@P{HGnsV?Pg@LRg@JRw@KSN
84,:~?@S_oCA_WIA_WcDAGOE`GUFAGWG`wMJBwoOawqLCGwNaWiSDxKWcxQTDxWWcXIZFxo_exq\GHw^eXicHyKggyQdHyWggYIjJyooiyqlKIwniYisLzKwlR]uMJMskZJANSE}OZs~ncAzOJo~oZeyosfAQkPGpSbEQ[\I_ClK_CxN_CtO
84,:~?@S`?IB_WCA_OMA?wOD`?YD@gaH`wmKagsMbO}MBx?Pc@IPChQTcx]WdhcYePmYExo\f@y\FiA`fyIbhISehQ]eHy_hiAihIiqlizCqkRMqKyynkJkvMJivMZ_xlRiuMjRBNSI}Oj|@oCEznJrAqCjHQkLFpC^DQKXH_C|O_ClL_CpM
84,:~?@S__E@_W_A_gSE_oUC`GMP@_]D@wYT@w{SbO}GBGcMa@AHCHKSb?}IBgkLdHMTdXEQcI?`gaQbHXs_faE^HXocgaYbHhaXdxYYezGrkBQpLYgoirElKyoqjbUnLIahhzk~nCAxOZh@nR}}OJavlkTGocjBQkPHpcbFQW@JRg@KRw@LSN
84,:~?@S_oCA_WIA_WUC@gWF`O]B`G_KbWkKa_uGaXINCx?QcPMMbxOWeXWWdpeSdXyZFxo]fP}Yey?chYGcgqU_gYifIy_iiQmehyookYwojrEkjZYrLzOulR]rkj_|mbuzNJa{m[HBnsF?O{FAnklGQk\IpsfCQkTHpca?Qsu?RC}?RdB
84,:~?@S__E@_W_B@WGE`G]B`WWF`O]C@gIGAgcJb@EJBWoLahENcHoMd@mQEXKWdpiVdXYdE@mXFHg[eyCcgaM_HH{afaE\Gyaghi]dhJWoLZCqjrMsLYspjBMjKiwojrUsiiezOJh@nSA{Nzw~mSEvmJZBQKHHpSbEQ[PIpsi?RSy?QtA?RC~
84,:~?@S_oE@?gEA_gcB_wSE`WQFcO[G`_aTAG{RcpQHBGgLaPAICGkNb`QKBwsMcxQTdXEQcI?`gaQbHX{`faA[HXscgaYbHhYVeHeYez?pkbQrLYspibMjKioojbUnLIahhzc~nCAyOZl@nR}}OJ]wlkTGocjBQkPHpcfFQG@JRg@KRw@LSN
84,:~?@S__EE?W_@_gYK@?]C@WKD_wGF_oQFaGaE`WgJapUHCwcQa`QPCh?TcpYSDgmNbWyKby[aHICbhQY_HiCefQQ[HX{afaM_eXiZeH]pKjKtkBQkLIsqjrEmKykoibUfiIexNzo~msA|OJh@ncEulzbCQKLHocjDQkXGpse?RCu?Qsy?RtB
84,:~?@S_oE@`oI@?gIJ@gMC@wSI`_iC@WWH_oUIaWaV@woUapMJDGoTc`YOCxCTd@]UbwuMdy[`GyGchQY_HYOefQI]GXobfqYdgHeZehaqLJKtkBEkKisrjbEnLIkoibUfiIeyNzd?mr}|OJp@ncEulzbBQKHHpCjDQkXGpse?RCu?Qsy?RtB
84,:~?@S`?CB_WMA_ggA?wEC`WWG`oeGAWSEawmId_]HbPUKCgsRb@QPDXOUc`]RDxUObwyUhqCbgaQdHi?dhAY^GXwafAM\HiU_eXiZeJGskrUoKYsqjBMmKY{sirAiLY]giZg~mSAzNzt?nCE}OZYvmKLGocfCQkTIpcbFQW@KRW@JRg@NSN
84,:~?@S`?CA__M@_wc@_wIL@WYEAG[KaGQHag_Ka_qHAw[JbPIMCWsSb`MNCh?PdXaUdySRdIKcfqE_GiKdhAY\Fxw_gQYaHYQbeXiZfJGskrUoKYoqjRMmKI{pirQiLYahhzc~mcAzNzp?nSE}OZYvmKHGosfCQkTIpcbFQW@JRW@KRg@NSN
84,:~?@S__E@_W[B@gGD`WIB`?YC`OYHAg[Ha?uIAwmLbgqOCxCTdHMNchOUdPYVEx_Xehk[e`q]eXu^GY?chYIbhQYcHiEiIy_hhqijJiyljJ[hkrYsLZGukBQpKzSvlj]nobx@nsE|OZk~nCAyOJywm[XHpSjFQKPIosbAQW@JRW@KRw@MSN
84,:~?@S__E@_W_B_gIC`GMEcOWF`OYD@wUFa?}HAwgLa?qHCGgObpQLBwkMb?ySdXUQcxEOgQQaHY?bfQA]Gx{dfAQ`HiGedxeWdhiZkRMoLJGtirAkKYsribImLI{thyahmcAzNzd@nCE|Nzx?lzauocjBQkPGpSfEQK\H_CtM_ClO_CpN
84,:~?@S`?CB_OIA_gMBaoEHAgWIaGUE`G]FAwcJa?iLBwoObpEOCgwPbhUSchMUFH[\eHeYfhw^epq\FxmaHIKdgAI`GyOhiY]ghjOdlbKtkRInKIwtkrQnLYoojREqLJMjijt?nCEzNzw~mcAxOZ]wlkHGosfCQ[TGpcjFQg@LRg@KSG@JR~
86,:~?@U__EC?WEI?gYL?oYFAGKH`wSE`?aFAW_H`GUA_woVa_qIDWkUapaQDhKWd@UPDwqObg}LcIcdHiKchqaaIIKgfaQ_HYCefq]afHuZeXirLJSvkbYmKy{tkBYpLIsqjB]hiim{OZt@msI~OjxBoCMwmZjEQkPJpSrFRK`IqSm?Rc}?RTA?STJ
86,:~?@U_oE@_WGD__QA`GUBbOMJBG_KagaF`geHBWoLa_mMCW{QcPMQDH?RcH]UdHUWFhc^ehm[gI?`fPy^GXucHiSfgaQbHYWjiyeiiJWfmBSvkrQpKj?vlRYpLywqjrMsLjUljJ|AncM|O[@@nCIzOzeymKPIpSnEQ{\IqCrHRG@NSG@MSg@LS^
86,:~?@U_oCA`OI@_gEB`?UD@gsC@waG`xGCdOYVB@YPCwoSb`EHBwcObPYQCxOTc@YNCWwTcgqRdGiJgqUcHi[gfQM`HXwfgaY^II?ceHeYdxm[kbQrLZWvjBUmKi{skBMlLjCviYijmsE{OztAncN?Oj|@mJeypCnDQkXIpsnGRKdK_CxO_CtQ_C|P
86,:~?@U_oI@?gEAa?ED@wKF_wQD`_aE`oaJBGcJa_}KBWuNcGyQDXKVdhUPdHWWdpaXFXgZfHs]f@y_ex}`GyGehyQdhqaeIIMkJYgjiQqlKJAnjjcjlRauLzOwkbYrLZ[xmJeppC@BoSM~Ozt@ncI{OkAym{`JpsrHQkXKpSjCQw@LRw@MSW@OSn
86,:~?@U_oEA_OIAa?EI?oeC@wYF`WQGAW[H`_aBaoqIBWwRbO}MBwqRcXI]CHW\d@mTEhc[eX]Whpg\epy[FhubHiOdgaY`HI?bfqUiiiahhyYwKb]rLJCtlb]nKywtjRQoKjCvliqjnSI{Oz|AncF?OZlBmZiwpSjCQ{\IqCnERKdK_C|O_CtQ_CxP
86,:~?@U`?CA_wGB_OM@_gaDAWWG`oeC`WgMbwoMbO}IaxQPDXGScpUOcXWYex_YePmUdyA\GXw_fqE[fYGehyOehQ]agyqhJYgkiqugiYwqkz?qkRMmjzatMZWwlretlJg~nB}|Nji}m{PDoSNAP[NCoKtIRKdKqSnERK\JqCi?RS}?RdE?SDJ
88,:~?@W`OGB_OQB`GGC_OMA_W_J`oqFaGcKa_mD`g{Rc@QNcHCRc`QLbh_ZdpqVeHc[e`mTdh{bgAQ^gICbgaQ\fi_jhqqfiIckiamdhi{rkBQnkJCrkbQljj_zlrqxNJgzlzatlkX@P[HDoSNAPJ|BoCRDnZzFR[XMqCrHRKhMqsu?RtA?STM?SdR
88,:~?@W`OGB_WQBa_QA_OMA@GED`gcI`omGAwcM`oeEAGyKbXkIc@iNEG{Xc@]UEhOWdP]XExiQcXMZiqSfhaahIiOhiAi`HiGdgA]bIiecfX}]fJWwlresLZ?ukR]qLZKwjrQmMYmkjZxBnSQ~O{DCoCVAPZiznK\KpcvGRkdMqcrJRW@OSW@NSg@RTN
88,:~?@W`OCB_oQ@?gGC`GM@_gUEaOiFaGkKaOqIAwsOb`ELBg}OCXMSch]WEh_Ze`qZFHUUeYW\GhsbhYGcgqQ_HYCdfh}oJQyqJykljAyhJygniIaehzcykR]pMJKvlBatMZWykJIqk[LDpCV?O{DCncI~Ojm{n[`KqSrIR[lMpsvERg@PSg@NTG@OS~
88,:~?@W`OCA_OMA@GKC`GM@_gUEaOiFaGkKaOqIAwsOb`ELBg}OCXMSch]WEh_Ze`qZFHUUeYW\GhsbhYGcgqQ_HYCdfh}oJQyqJykljAyhJygniIaehzcykR]pMJKvlBatMZWykJIqk[LDpCV?O{DCncI~Ojm{n[`KqSrIR[lMpczFRW@PSg@NSw@OTN
88,:~?@W_oCA_gW@a_I@`GUN@_eD@wSGaWWIaOmFAg_J_wQFaGwWb?yKDwsXbPiREXOYd`]TEGyQcHENcikeHySgiQicIiSigqYaHy?ggQecfh}\exqtLj[xlBapLzGtkBarLi{sjbejjIu|Oz|BncR@PK@DocUymzrGRKXLpszHRkhKqsu?SDE?RtI?StR
88,:~?@W`?EA?wCA_wMI?WIFAWOHaG]E`WgJaOiGAwQKBgsNc@UNCX?PbhURdI?Qe@}UFX[[epyZeXihF@}\GHw_fySgha]cIIKegaU`HyqkiimhiJgsMZSukr]wMZCtkB]nLjGskrewjiu~PJxDoSR?O{HBnSUznJjFRKXLqSrIR[`Mqsy?STI?RtQ?SDN
88,:~?@W`?CA_gCB_wIB_WSF`OeC`g]GAgaHAgsMaouKCWwNbxEQcHOVdPeWdxMUe@iXEhk^f@u]fqA]GII\gYKdhAahhi]hIi_ihYwnjAujJi{qkjEomquvMj_xlbisMJSvmRmymzNEOcVBP[DDnsN?PJxCojq|qcvHRklKqCzFRKXL_C|P_D@R_DHS
88,:~?@W__E@`OEB@GGC_wID`WQGAgcJaGeIBGkK`g]NCx?SbxAPCxGSbWyVEx_[dxaXExg[dXY^Gy?cfyA`GyGcfXyfIy_khyahIygkhYYnKz?sjzApKzGsjYyvMz_{mRmyNJ]wlZZEOSVAP[DBocQ~O{@CpZu}pcvFRk`KqSrIR[lM_C|O_DDR_DHS
88,:~?@Wa?I@__UA@gKF_O]N?oUC@gCC`g]C`X[BeOwWb`YGCg_TaPMHDH?Wd`]SEG{RcPITDwyUagqJbY[hiAidHiGfgqi`HYOegAa^IXm]fHuYeZOulR]wMY{sjb]oLZCukbarMYmkjZtCncM~P[@DoSRAOziznKXKpsvGR[dKqczJRg@PSg@OTG@NS~
88,:~?@W`_GB_OQ@@WGD_oQB_WUC_gWM`ouKaWiGawkNb?yLBx?RcPQRDXOUc`UQeHeUdxg_eqE[fXyagaM^GICbfyWghqecHiSfiAuliyqimAeyLretLjKskbevMJKxkBQpLZWwly}moSR?PZ|BocM}PJtDmzqypcrFR[`LqSrIRklM_DDQ_D@S_C|R
88,:~?@W__EE?W_@_gYC@WOF_oUA@wKC`waG`hSD_xcSDwgWc`QHCGcRa`EUDxSWcPQMCg{OcpaVdXYKawudHyWiiAebHyCdgaacHi?hfqi[fXyZehesLZWwlremLI{ukB]pLZGwkrejjYq|OzxBnsR?P[DCocUymzrERKdKpsvIR[`Mqsy?RtE?SDQ?SdN
88,:~?@W__E@_WWA@WQC@WKD_gMI`omHAg_J`g]KCHEMCG{PbGuUcp]SDhSVchMWFHuYFHk\eHeafqM_GiCbfh}cIIeeII[hhIUmiq}kJisniimoLJUqLJKtkJEylrmwMjczlzY{OZx@nsA{oJvEP{LDpC^DpkJNRCzJRklLqCzHR[hK_C|P_D@R_DHS
88,:~?@W__E@_WWD_wIA`GoC@WKDboYFaoyGAgcJ`_yGAw[HbguKeoiOEg{Xc@aNDxWYd@aTDxcZehEQcxmjHQ]eIIcihAegIiCdgaY_HyKiiYQ]fxu[lrauMZOtkBYpLzGtkranLIwxiyqlnSM}PJ|BoSR?P[HDmjm{psrER[`MqSzIRKlL_D@P_C|Q_DLS
90,:~?@Y`oGD__Y@@GCBb?QB_WSE`?UB@gIHAwgJ`oqGBWoMbOyJchIOcW}_DPiUExK[d@uXeX]WiPg^ep}[Fhs]fyWfhAadIIGcgqU_HiCfjYuhiimkiJcylR]uMJKvlBapMZGylbmtMy}ojkDDocY~P{@FosVCPju}nKhMqs~GSKdOrC~LRg@PSg@RTW@STn
90,:~?@Yb_uHagKD@wOEAGGJBwCKCH[NDX?UdXYLbgGZ_PqHa`}DAgWH_oaC@wKJ`?qA@WCEbWyJbHeYaG]VGX_aeqY[HXc\e`ycIyKkdQeUIi[niBAmJysofqu_Jieiiyr@O{HCnsF?OjlCnCMsLZKulriwMZC|kbzJR[pMpsfGQkTOpc}?STQ?SdM?TTZ
90,:~?@Y`?CB_OIA?wc@_wIE`oeGAWOF`OaIawiJdo]GepSYd`ePDXGUb@MKDH[Xe@iRDXOUbpEOChiXdxaLbi_hhqijJIKfhAadIYWigQmaJHu]fyAZfJ_xlbivMz?wkReqLjKvlBmtMiumjz|EoCV@P[HEos^CPzu}nKhMqs~LRkpNqDBHSG@RTG@PTg@QT^
90,:~?@Y`oGB_OM@@GCAb?YC`WSE_oYC@WIGAwcJa_uFBGoMbOyJchIOcW}_DPiUExK[d@uXeX]WiPg^ep}[Fhs]fyWfhAadIIGcgqU_HyCejYuhiimkiJcylR]uMJKvlBapMZGylRmuMy}ojkDDocY~P{@FpCVBPju}nKhMqs~GSKdOrSzKRw@PSg@RTg@ST^
90,:~?@Y_oED?WI@?gIB@GKE`?UCaG{D`g]GagmKBgsMaWqNcGwQbpEOCgsPcp]SEHKYd@eTDxWWexy[fYkXeicihQaeHycjiaqbHYOehqmgJIeifyA`gj_ymRmuLzGwkresLjSvkRioMyynjZ|DoCZAP[DEos^CPzq|nk`MqS~ISKlOrCzLRw@PSw@QTG@TTn
90,:~?@Y_oE@?gIA_WKD`gWF`O]B`GqHBWkKa_uGaWwQcx?QcPMMbxaTEXWWdpeSdXg]fxo]fP}YeyQ`HYGcgqU_gYWiiy_iiQmehzAlKYwojrEkjZGulzOulR]qkzqxNZg{mruxmJxBoCN@OjzAn{`HpS^EQ[^GpLDMSKtOrS~ISKlNrCy?STM?SdU?TDZ
90,:~?@Y`OEC__M@?gKC`GEA_wWJ`OYIaWaFb?uJBGgL`WwObpEQDxCRc`MOdxUUg`QYGX_^ePy\GHuZfIk]GX{agAI`hqigIYWihQacHyKhjiykjYminBWzlratMZgzkr]qMZCwlBYtMzioj{DEoC^BPkHDpCU~Pzu}nKdMqC~JRkpNqdBLSG@RTG@PTg@QT^
90,:~?@Y`oGB__U@?wCCb?Y@`GSE`?YB@WIIAwcJa?qFBWoMbOyJchIOcW}_DPiUExK[d@uXeX]WiPg^ep}[Fhs]fyWfhAadIIGcgqU_HiCfjYuhiimkiJcylR]uMJKvlBapMZGylbmtMy}ojkDDocY~P{@FosVCPju}nKhMqs~GSKdOrC~LRg@PSg@RTW@STn
90,:~?@Y`?CA_g[A?wCB_WMMAwUPA_qEAwWLbGcJa_uGBG[LaWQD`h?ZbpAMEW{Yb`qTEh_Zd`qVEXAScXIRdIshIi[giqqeJI[kgaecIIKihQmegX}_fXyvMJczlbiqMZKvlBitMJCukBmlji}~P[DDoCZBPkHFpC]{nZzIRk`NqTBJSKpMrS}?SdM?STQ?TTZ
90,:~?@Y`OGC__M@?wCC_WMC_gWH`omDaGeIBGiJBG{ObO}MCx?PcXMSchWXdpmYeXUWe`qZFHs`f`}_gQI_GiQ^gySfhaijiIejJIgkhz?pja}lKJCslJMqnQ}xNJgzmBquMj[xmru{nZVGPC^DP{LFoSVAPk@EpJy~rC~JSKtMqdBHRk`N_DDR_DHT_DPU
90,:~?@Y_oI@`_CA_WID_oQC@WSF`wMGaGYHBwcObgmKaguLCWwNc@EQDXKUdP]UEHOVdHiZeHe[Ghsbfh}_hIOdgQIbHYEgIicjhaafIYgnjyumjJgjnBczlratLjOzmRitMzGukr]wMjepkKLEoc^@P[PDoCY~Pzu}nK`MqS~IR{lMrDBLSG@RTG@QTg@PT^
90,:~?@Y`?CA_wIBaOGB_WEJ`GWF`oaDAHGEAgiJaWaW@XkPDxCXb@iKCwsSbPUVEHGXd`iTEHOYcpeVcXYMbxAfIIckiamaIiKjhA]`JIWghQe[fXm]fyAuMJ[xmbmoLjCvkratMjGzlBeljyy~Pk@EosV@P{PDoc]{njvGRklMqc~LR{dOrDA?SdQ?StY?STV
90,:~?@Y`?CA__M@?wIB_WUE`G[G`oeGAWgJa_qJBGyNbXEQcHKScpUSDXWVd`aVEHiZeXu]fH{_fqE_GYGbgaQbHIYfhYahiikkiqukJYwnjbAnKJIrkZ[wlrewMZQtlkC|NkA|Nzw~msA{OJjHOsbCQKTFpc^@okJGrdBNSKdLqcvJRkpN_DTU_DDR_DHS
90,:~?@Y_oI@_gCD_wQB`GI@aWiFaG[Ma?uJbGgJaOqLb`]D`h?XbpiRdHGRcPQVEX_YbxATdhk\f@ycHYKegQUaHhu]kQMcfyAnKZ?qkbMpLIcliayjKyoshyaojyumjzA~O{@CoSNAPJW|lRyzNZo}lsEwOjc~mcBJR{pOpsfGQkXLpSy?StQ?STU?SdZ
90,:~?@Y`oOD_oYA@WCE__M@@GUE_gEB`GeIaouKBg]GbxANCX?QbPIMCXKVd@aREXOYdPaUDxu]exqjEXihIiWfhQahIygkgqUcHi[jiAqhih}_gYIwMjczlb]rMJGxlBYtLz?ykRmmjyu~P[@EoSVAPkLFpC]{nZzGRkdNqdBJSKpMrS}?STM?SdQ?TTZ
90,:~?@Y`?GB_OM@?gMA_WUE`G[G`oeGAWgJa_qJBGyNbXEQcHKScpUSDXWVd`aVEHiZeXu]fH{_fqE_GYGbgaQbHIYfhYahiikkiqukJYwnjbAnKJIrkZ[wlrewMZQtlkC|NkA|Nzw~msA{OJjHOsbCQKTFpc^@okJGrtBMSKdLqcvJRkpN_DTU_DDR_DHS
90,:~?@Y__EF@GMJAWiNBWyECGSNaosPb?wQdomKcG}LDWwU`GK\aWiAFwC_`peGEgSV``aADWCU_wQD`giH`wa\Hhwddq]WIHSXd`i^Iy?kgqecIiClgayZJxoojQ}mKIeijIn@O{HCmsM{PJxAnSEpLZGulrewMjK~lCBKR[lMpsfGQkTNpdA?SdM?STQ?TTZ
92,:~?@[_oCA_WIA_WcD@wOG`GUFAGWG_wYJBwoOawqLCGwNaWiSDxKWcxQTDxWWcXIZFxo_exq\GHw^eXicHyKggyQdHyWggYIjJyooiyqlKIwniYisLzKwkzQtLzWwkZIzNzp?nSA}Nzm{mZjIPSfEQ[XFpSbBP{PGq[FAqdFJSkpOrTBMSk|P_DLS_DTV_DXW
92,:~?@[`_CD_oU@__QB@GCA`WIC_wWL`oaKagmHb_}LBgoNaH?QcPMSEXKTd@UQeX]Wh@Y[Gxg`eqA^Gh}\fis_GyCcgaQbiQqiIy_khqieIYSjkJAmjyuknb_|mRivMzo|lResMzKylbavNZqqk[LGocfDQKPFpc^@QZ~?nklOqdFLSKxPrDJNSg@TTg@RUG@ST~
92,:~?@[_oE@_W[A@gGD`?YA?wMD`gQHAw_L`wiJb?yKbOyPCg{Pc@UQCxMTdhQWExc\fHmVeho]fPy^Gy?`giKcgaQegYUfIY_kjYijjQykJieqKz?pjrIrLjYtlJ{pmry{NZg}mBqxMzs~nj}vqcXHpsfDQ[LFpCbAQKZ?o[xPrTJNSKpQqtBISW@RTW@STw@UUN
92,:~?@[_oCA_WIAa?EE@wUC_wwG`GSF`_aFaWiLBwkMb?}LCgkLa_qQcHE^BhO]cpuSFHKZe`yWFHcZfP}]dXYVfy{hIygkjQygJYomhQeeIiOjhqyliIIbgYAzNJg|mBesMjSzlbevNJKwkbunkJF@P{HGos^DQKPHpce}n{BJSKhPrDJLSkxOrtE?TDU?StY?Ttb
92,:~?@[__E@`OEA@GUB_wkC@WICbWYGAgcI`oeSA?qKbWmIe_]\CpeREww[bpUNDgwVePiSEx_[dpiUFHSZeXMWcHEQiQijJIsmhAqdJYWhgqygIi[jfh}\gIEamBixNZk{kbarMZSylrqsNZWzjzEoocb@Q[TFosbEP{PHnkA~qtBLSKxPrtFISkpQ_DLU_DTW_DPV
92,:~?@[_oE@`_IA_OII@?UEAWKD`OeC@w]BaWaEa`EJChALbgqNbpMOChCRdP]SEH[Xe@iUEXY[fXiZfaQ^HYA`giYeHyKchQ]biaqjJY_iiQmkKZEnkIy{JZwzNZcylrauNZk{lrusMJSxmbqzkzJDQKPHos^EP{HGoSe~oJzISKlPrDFLSKxQrtI?TTY?TDa?St^
92,:~?@[`oCD__QB@gEE`GUA_wCC_oUA@geIb?yJBwsNa?mFBGgLcXAQfoySFhKZcpuSFHg]ePmWFHs^fhYTdx}nIQmiJIsmiAukJiWhhQicIy[mjYa`gyI_mbqzNZ_xlRisMzWxlrqrMJG|jzApoc^@QKLFpSbCQ[XHnj~?qtBIS[pQrTJMSK|P_DPT_DLU_D\W
92,:~?@[`?M@?gCB__M@_gOGaW[G`_eC`WyJBwoMbO}Iax?SdXGScpUOcXiVEx_YePmUdxo_gXw_fqE[fYYbHyOehQ]agy_kjYgkiqugiZInKz?qkRMmjzOwmZWwlreslZyzNzo}nR}zmk@DocVBPKBCo[hJpsfGQ{fIplLOSk|QrtFKSktPrdA?StU?TD]?Tdb
92,:~?@[`OCB_OQB__QB@GEA_h?I`xKJBgoNbO}Ma_uJBwcKa?yL`WYFc`yPCh?\c@mPFH[[e@mXFhg\chYSdXMUjqgjiQqlJi_miQycIySkhaifJYaagYM^gJcymruwNJSxlBmuNJ[ykraqNY}ok[HFos^@QKTGpCfEQZy~oKpOqdFJSktQrdBNSW@STW@RTg@VUN
92,:~?@[__EF?Wg@`GIBAWOH`OYEAGKD__aB@gOFaWaIag]Z@XsYFH_YapUKDgoVapeZFH[YcPURDhGXd@a[ewuMcG}jJIsmiQieIy[liAqdIiOhgqy^gIEafhuxMj_znBuqMZKzlBqtMJWylrunkJF@P{HGos^CQ[THpca}n{BISKlPrdBLS[pQrtI?TTY?TDa?St^
94,:~?@]`?EA_OI@_gKC_o]BAGOD`W]G`gkLa_}HbGuMCGyNCHKScPMQDxOTdX]Wdhg\ep}]fXe[faA^GICdgaMchQYcHiabhycjiaynjIunKIwoizOtkbMpLJSwmJ]uoRM|OJw~nCAyNjk|nsF?oZfKQCnHQ{\JpSfEQkPIqKJBsDNNTLDQrdRLSkpR_DTV_DXX_D`Y
94,:~?@]`OCB__MA@GEI?WoB@GQA`wuIAwcIa?mDAWWGbWyMbHkJaX{YFX?]e@iNDw{Uc@e[FXk]dpiTEHOXd`y\exqRcXIjJYomjrAhJY[jiAyiJIWnhRAagyQ`gH}yMzo}nR}sNJSylbuvMz_}mR}pkzJBQ[PHpSnEQ{\IqCj?o[JLSk|QrDNOS{xSsTQ?TT]?UDi?Tdf
94,:~?@]`_KC_OI@?wID__MC@WEC`XGHaHSNCGgMa`EObPENCWoOaoyL`g]HdAAQDHG^cpyRFXc^fAAYFXk]dHaTdh]WkQsmiqqnKIgoirAgJI[lhayhJyidhIM`gjk{nR}yNjWzmBuvNjc{lRisNzEqk{PHpSfBQk\IpcnGQ{B@okxQrDNLTK|SsDJPSw@UTw@TUG@XUn
94,:~?@]__E@_WWC__UC@WKD_wIEAgmGAgcJ`g]ObPEMCG{PbGuQDh]SDhSVchM[ePuYFHk\eHe]GiM_GiCbfh}ghQeeII[hhIUiJi}kJisniimskRUqLJKtkJEuMjmwMjczlj^?nSE}OJ|@nZrAP{PFpSZApkNKR[dJqcvJrKbTSdRPTLDRrdRNS|@Q_DTV_DXX_D`Y
94,:~?@]__ED?W[@`OYC@wIB@GKE__QF_wYDaO}GAgyKbWmOCW{Ob`EIc`QRDXWZdP]UDxQZeXieEHwdfAM\GiCcgX}_jqGdgqYcHiUjJioliayhJI_jhquqkjApjyz?Mb}zNJc|nb}vMzW|lRqwMjc~njQrpSjCQ{\IpcfGQ[LJo[J?rTJKS{|QsDNMTLDS_D\W_DTY_DXX
94,:~?@]`?CA_g_@_wCB_wIM@wQEBW[L`OaGAXSD@g[J`_qIbWqJfOe^D@ySFG{Wb`eMEw{Ydpy[FXg]d`aTEXk\dHqPchMOja}lKIkkiAuhJi[jiaqeJySogYIbhIA^mrqyNZw~lBitMzW|lrqwNjc~kZIrosjCQ[TJpcnFQ[`IoKFArDNLSkxRrtJOTLDS_D\W_DTY_DXX
94,:~?@]`?I@`oM@?wEA?wIEAwSE`?]D@wWHaWQJagaLCwoScg}ObhEPDXGRd@UUEX[YePmYFH_ZeHy^fHu_HiCfgiMciI_hhQYfIYUkJisniaqjJYwrkzEqkJwnoBs~mrqxMj_~nRyxNzWylrm{NjutlK\IpcnDQ[`HpCjBQ{FAoKpQrTNMS{|QsDRPTG@VUG@UUg@TU^
96,:~?@___E@_WcB@WGE`waD@wWG_wIDAGWF`GQKawoSapMNcGwNbPAPCxGSaWiTFxW_eXiVEX_Yf`}\GHUUexq`GyGciQmiJI[jiAqbhJ[hiiUelR]uMJ[xmBinKz?skReqMiumlZYrlJYtpSfEQk\HqCizOzpCoSNAPJtFnca~P[@EsTVQTktNrdBKS{lS_DdY_D\Z_D`[
96,:~?@___E@_WWA_gcC_wOD_oUD`_aFAGWH`oiGbWuHagmKcHEQCxGSbg}TdhSVd`aRDxOWePuYFhc^eaAZFXo]gyQ`gjC^gI{oiqukJi{pkBIhIygkjREmKi}ohYYfiJx?nsE{NZ_}mR}yNJk|lcAvOZQtk{TJpcrFQ{`KqSvIR[JBpKxSrtVOTlDUsdRRTW@VUW@WUg@ZVN
96,:~?@_`OQA?wE@_WoB@GGC_wIEbg}HAgcJ`oiGAwSF`OaMbwqLawi`CP}QGH?Xc@iPExG[fP}]GH[Ze@qXFxg_fXyTdhQRkRImJysoiQ}iKIkljAyfKY_qgyQdhiEanBu}OJ|@lbyvNz_{mRuyOJl@lJUrpSnERK\KqCnHR[hLo{RArdRNT\HSstVOTlDU_DdY_D\[_D`Z
96,:~?@_`_MA_wIB_gE@_WOI`OmIBGkLa?yHBgQD`GUE`waHbWqE`xc\e`yVFx__f`}\GHKTd@YQExC[dXYXeg}OexqVeJ[nLZ?ukRMqLIsrjbQbLYOuiQmiJICmgaufKI_nhRIeKZUujInFQk`HpSfEQjlFnCa|OJw~lsMwPJd@mcJPTLHRrS~MSKlTrDY?Tte?UDi?Utr
96,:~?@_`OCB_OI@__MB@GIC`HCL`w]IBWcMb?yGAwiD`g}\BO}MBwkOb@AOc`eREhCWcPmQFHK[d@iVEHSXd`m`gXu]fyA[ja}kKIspiAyiJycoirEkKisqgiMchYYfnb}{OJt@lbuvNJ_}mR}yOZl?lJUrpsnGRKTLpcvHQ{hKo{RArdZNTl@TsTRQT\LS_DdY_D\Z_D`[
96,:~?@_`OGB_WQB_gkC__Q@?wEO@gUIBw[Ha?eIAx[EBw[Ia?yMbwuKfom`DaAUFh?Yc@mPFXC[eQA]Fxg_e@mVFHs^dhyRchUSkBEnKismia}jKIcljAygKY[qgyQdhiI`nBu}N{@@lbuvNz_{mRyyOJl@kzQtpSrEQ{\LqCvHQ{hKokNCrdRNT\@SsTVQTlLU_DdY_D\[_D`Z
96,:~?@_`oCC__QB@WGD_WM@?gKE`gYDcoQJah[OCgoNb@EQb`ILCW{Rc@MFaGeJdaISDhO^dQATGXs^faA[Ghk`dhiWeX]YkqwnjRApKioqjRIgJicoia}jKYqehyUbhJs}nsE{OJc|mB}yOJk}lrquOZMsl[XJpsnDRKdKqCvIR[JBpL@SrdVNTlDUsdRRTW@WUW@VUg@ZVN
96,:~?@__oCA_WEAa?IJ@_]CAW[I`WiB`GaH`OYHAg[GbWyOCg{RcPMJBwoOb`ETdHYbCh_adp}VGX__faI\Fxo_gQMaeheZgzKlJywokRIkKZ?qiauhJi_nirIpjIUfhiQ}OJ|@nBuxNj_~mbuzOJ[{lcErlJVEQ{TKpsnHRK`LqcvAo{RNTKxTsDZPTlHSstU?UDe?Tti?Utr
96,:~?@__oED?g[@?gEA`?aEAWMD@gOE_oUH`GaFapEIBHAMbwuQCxCQc@MKd@YTDx_\dpeWEXY\exqgEi?ffaU^HIKegyEakQOfhQaeII]lKIwnjBAjJigliQ}slJIrkZBANCE|Njk~oCExNZ_~lryyNJl@oJYtpsrER[dKqCnIQ{TLo{RArtRMT\DSsdVOTlLU_DdY_D\[_D`Z
96,:~?@_`?M@`oI@_OMA__ML@_qC@WWG`?]IBGSEbGmFaGiHbxAQCxCSbWyTdhSVd`aRDxOWePuYFhc_e`}ZFho\gyQ`gjC^gI{oiqukJi{pkBIhIygkjREmKi}ohYYfiJx?nsE{NZ_~mRyyNJk|lsAuOZQtk{TJpcrFQ{`KqSvIR[JBpKxTrtROTlDUsdRRTW@VUW@WUg@ZVN
96,:~?@___E@_WWC_gcA_oUB`?UDa?uFAGWHa?eFAwmEbWqIbpUMDhQPchARcp]SDhSVePmWFHk\f@yYFXi_gXy^gaabIYQdhiiiIy[giQmfjbAnKYomjQ}oLZUrlJJ?K[G~OZs}mrqyOZ|?msEwNJc|ncA~lzZHRK`LpsnIQ{XKpSvBpKJMTK|TsDVPTLHUstY?UTi?UDq?Ttn
96,:~?@_`OIC_WM@?gCB__QB@GSE`O]EAG[GawqHaguMcPINcHKScPMQDHSWd`eTDh]WEXm[eh}_Gi?bgaQbHHu]gYwdIiSjjYgkiqqgJYclhi]wLRYyLzKtlBYpLzGvkJAmj{DAmR}xOJk~nCA|OZxAmJiym[lLrCvGQ{dKpcjFQkNCp\@SsTRQT\LUrdZNTW@XUg@VUw@WVN
96,:~?@_`?EB__MAaOEJ?OIM?wiEa?eFAWgKa_uCAGSF`?qDBWmMbgqLfoa`FaAZFh?Yc@eNFG{\fqAYFhS[d`uWEx[XgH}QcXMSjrApKismia}kKYkqiQygJY[ogyQehYI`nBu}N{@@lruuNj`?mR}yNJl@kzQtpcnDRK\KqCvHR[hJokNCrdVNTLHSsTVOTlLU_DdY_D\[_D`Z
96,:~?@_`OCB_OIA?wEB_gQCboQP@waGaOuIBgkLb?yD`geIfOsNb_}JCGoOcHGWcpePEhCZc`qRFHOWdPeUEh[ZgYE\fh}_fIwnjBAlKY_miQ}iKIkpjRIkKiIbhIUehzw~nCA|OZW{lruwNjc~mcAzOZQtk{\JqCrDR[XLqSrIQ{NCokxUrtZOTLDTsdRRTW@XUg@WUw@VVN
96,:~?@__oCA_WIA_WUC@gWF`O]B`G_KbWkKa_uGaXINCx?QcPMMbxOWeXWWdpeSdXyZFxo]fP}Yey?chYGcgqU_gYifIy_iiQmehyookYwojrEkjZYrLzOulR]qkz_{nZg{mruwm[I~O{@AoSM~nkPHpcfFQKRGp[xNqsvKR{vMql\STlLUstVOTlDTsdQ?Tte?UDm?Udr
96,:~?@_`OGB_OQB`GGC_OMA_W_J`oqFaGcKa_mD`g{Rc@QNcHCRc`QLbh_ZdpqVeHc[e`mTdh{bgAQ^gICbgaQ\fi_jhqqfiIckiamdhi{rkBQnkJCrkbQljj_zlrqvmJc{mbmtlj|BoCR@O{HCn{A|nkxHR[hLqcnHRK\KqCnLp[ZMT[|UsDRPTLHTstY?Tta?Udm?UTr
96,:~?@_`?IB_WCA_OMA?wOD`?YD@gaH`wmKagsMbO}MBx?Pc@IPChQTcx]WdhcYePmYExo\f@y\FiA`fyMcgiSehQ]eHy_hiAihIiqliyynkJCqkRMqKzOtlBYtLjaxlzs}nR}}NziznK\BPKZBP[PDoSZAPkBNQSzIRklLrCvFqKbMtDZTTk|RsDNPTLHT_Dl[_D\X_D`Y
96,:~?@_`?EA_wI@?wEA?wOE`?UDAWWF`weIaGoNbPEJbg}OChAPChSUcpUSEXWVdxeYeHo^fQE_fxm]gAI`GiKfhAUehqaeIIidiYkljBApji}pKj?qjZWvlBUrLj[ymjeworU~Ok@@ncI{OJs~oSNAoznMQcvJR[dLpsnGRKXKqkRDsdVPTlLSsDZNTKxT_D\X_D`Z_Dh[
96,:~?@_`?I@_wCA__M@?wOD`?YD@gaH`wmKagsMbO}MBx?Pc@IPChQTcx]WdhcYePmYExo\f@y\FiA`fyMcgiSehQ]eHy_hiAihIiqliyynkJCqkRMqKzOtlBYtLjaxlzs}nR}}NziznK\BPKZBP[PDoSZAPkBNQSzIRklLrCvFqKbMtDZTTk|RsDNPTLHT_Dl[_D\X_D`Y
96,:~?@_`OEB_gQ@?wCA_oQA@GSE`O]EAG[GawqHaguMcPINcHKScPMQDHSWd`eTDh]WEXm[eh}_Gi?bgaQbHHu]gYwdIiSjjYgkiqqgJYclhi]wLRYyLzKtlBYpLzGvkJAmj{DAmR}xOJk~nCA|OZxAmJiym[lLrCvGQ{dKpcjFQkNCp\@SsTRQT\LUrdZNTW@XUg@VUw@WVN
96,:~?@_`?MA_WE@_wIB_gwC@gSEcO[Ha?iJBWoL`GUFaHkLaWiJbHc]e`}ZFHk\f@}\FhGTcPYRDxOWdXYXehiXcGyNdxaOcIsojBAsLZKujbUnLiciiAmaKYKqgRE_KiWmhq}cLISriimkj[\HqCjDP{XGmse{Qj|BoCQvNZ_}mSEyOlDRsdRLSKxNqtVKTg@VUW@WUg@ZVN
96,:~?@_`?MA_W_A_WMB_gECBGOLcO[G`oeDAgWJbGuGaWiJ`WYFepu[FXKWd@]PEhGXd`mTFHAOcGyNdxaTdheYlQWphbIjKYoqjRMmLI[riBQiIyckhq}gKI?rgRQaJiKlhBAdJxwifqepkjdHmcizQjpHnSA}Nz\DmCYtOzXCoSbAP|PTstZLS[xQrC~JSG@ZVG@VUg@WU^
96,:~?@__oE@_WGC__MA`GMD`XCGaG}HBWgMaOmIBGuM`g]\BO}MBwkOb@AOcPiQExKWcpePFHG[d@iTExWWdpe`gXu]fyA[ja}kKIspiAyhJygoirEkKisqgiMchYYfnb}{OJt@lbqvNZ_}mR}yOJl@lJUrpsnGRKTLpcvHQ{hKo{RArdZNTl@SsTVQTLLT_DdY_D\Z_D`[
96,:~?@_`OQB_gE@?wCA_oQA@GSE`O]EAG[GawqHaguMcPINcHKScPMQDHSWd`eTDh]WEXm[eh}_Gi?bgaQbHHu]gYwdIiSjjYgkiqqgJYclhi]wLRYyLzKtlBYpLzGvkJAmj{DAmR}xOJk~nCA|OZxAmJiym[lLrCvGQ{dKpcjFQkNCp\@SsTRQT\LUrdVNTg@XUg@VUw@WVN
96,:~?@__oE@_WIA_gsCAwKKc?_Ha?iHAwgK`_mFBGQBaWi[@WUE`xg^epy[Fhs^c@YPDxOXdPaQFHK\dh]YexiZbwuMeHeNbyoojRArLZOujbUnLi[ihamcJiSniREgKi?pgRIbKyGsiimljK\HqCjDP{XGmse{Qj|@oCIvNZ_}mSMyPLDRsdRLSKxNqtVKTg@VUW@WUg@ZVN
96,:~?@___E@`OEB@GGC_wID`WQGAgcJaGeIBGkK`g]NCx?SbxAPCxGSbWyVEx_[dxaXExg[dXY^Gy?cfyA`GyGcfXyfIy_khyahIygkhYYnKz?sjzApKzGsjYyvMz_{lzaxMzg{lZY~O{@CoSNAPJ~?nZzMQSvIR[dJqcrFQ{`Kr[VErdVNTl@SsTRQT\LU_D\W_DdZ_Dh[
96,:~?@__oE@_gIA_WsCAwKKc?_Ha?iHAwgK`_mFBGQBaWiE`wUDd`qVFX?ZcPiSEXSWc`uRFHmYbw}Ndh]WeWuMlQ_piBIeKY[qirMkLIcribQeJy[oiQuiJi?rgRQbIyGkhQ}cKHwlfqyqkZdHmci{QZlInR}}OJ\FmCatOzXCoSVAPlLTtDZLS[xQqs~KSG@ZVG@VUW@WUn
96,:~?@__oED?Wc@__MA@G[Hb_OE__aHaHKC`gMDaGYF`wU]CPIJCGwTc`uNFHO\cpiVEXWWePqWFHk\e`mOCWiQcxUSbWuUdwuKjRQoKjOtlRYrLi[khaybKY?qia}dJiOogbM`JykpiAeljHy^qSi~QK@FmC]|QjxHpca{Oj\BmSQzPZh@sDFMT[pSrtNLSklU_D`Y_D\Z_Dd[
96,:~?@_`?CB_OIB_gMA_XCE`w_Ha?}HCGsNb`AIAwgKaouKBgWN`pAC`WmKh?uMi@C]c`}_GXCacaMcHySedaAVGXOedQ]YGxkae@yXFxocfQUagy]ecy_xiRimMYsyjrqoMz[zmBqpNZG|krUsLiijjK`KqSnCQ{TKosjAQk@EoS]}n{tTrdZRT\PUrtFOSg@XUg@VVG@WU~
96,:~?@_`?MA?wCCa?I@_wQJag]Fbg}GBGcL_gEICGkPbGuD`haXdHUFaGeYew{[b`uOCXw`fqIUEh[ZePyWFy?bgAQ[fRA`gjIrLHQTchMbHJSwlBegKIcpjRakMYwujr]qkzYvPYhBisQdhi^BQ{PJnsV?PjpFmsb@Q[HInSe}QjjOTlDUrdJNS{pSrTU?Utq?UDe?Ttj
96,:~?@__oI@_WKC__UB_gEC`W_KaOmGAgcI`g]PcgsSb`MOCW{QawqXehKZd@qVEX_YdXYZfICcgaM^Gi?`fXyhiiSkhamfIY_igyQpkikrjBQnKZ?qjYyrlJc{mbmvMj_xlZY~O[@Ao[I|PjxDmzrBQ[PIq[jDR[XMp{bPslNST[|TsDZLTKxRqtJKSW@XUg@VUw@WVN
96,:~?@_`?MA@G_E`oaM?oqABWmI_WWP`pAEBG[L`?iDAwMAb`ANCWE@bGuIawaHcpeSEhs^faA`GyGcfqI_GXkbfAQQchu]eXiVeHUUkR]qMJKulBUjJyooib]hMI[riBQlLYwuhYYnkJIpqCfFQj|FoCb@Q[HIpCVBPjdDmcYzNZo}rTFMSk|RsDRJT[pU_DdY_D\Z_D`[
96,:~?@_`?MA_OOD`GUL?Oe@AgMAbGmFaGmKageNcGMAcxQQFXC]aPmIFHCXc`iFEg_XdPmUFG{Vc@aTDxWWawqLbhMSKY}ojiufKY_qjRMmLISthbYjJyoogQQaGzYtkzPBiSEiOhu]gH~DQ[XIoSbAPz|BoCQxPzhGnSe}Qj[{mBnNTL@RrdVLTklPrDI?UTi?Ttm?UDr
96,:~?@_`?I@_wMA@gCF_gEBagmC`W}OaGeE`wiJb@]KEGsUb`UPcgQDcxQLFWw]fQE]Ghg^eQATGhW`f@}ZGHMSJXEQdxanKZ?qbxAlLYwuhrMgLIUeiRUiLi}okZH@iyq~O{@CgyQznJ|HoCj@P{HGnCMzPJ\HmCi|PZxEmSayP|DSsdNNT\@UqsvKRg@VUG@XUw@YVN
96,:~?@_`oOD@gg@@gGB`gUC`GUA_wE@_gMXBpEKCgkLb`]IDx?Wd@URDhWWdPaLcHMSaWaHaGaHbwqQcWyVlAknjBAfIIcihaedIiKfhAajJYomgqUcHhcrebM[JxsoerI`JYGmfbI^KY?pkzxInsisLZo|lcAvOZ`CmS]yQJlHocZBP[|TsDZPTLHRqsvKRg@VUG@XUw@YVN
96,:~?@__oEA_gI@_WsGAWKCc?SG`_mFBGcKa_mIBGYD`weBagmCe`qXFXGUc@mPEHSVcpqSFXYZbw}NeheVeGuMlQ_piBIeKY[qirQkKycribQeJy[oiQyiJY?rgRQaJIKjhBAdJxwlfqypkjdHmcizQZpInR}}OJ\GmC]tOzXCocV@PlPTstZMS[tQrC~JSG@ZVG@VUg@WU^
96,:~?@_`oGBa_CB`OY@_WIC`GIB`WYC`WYXC`MPDGkNc@aLDgoVb`UIDX[Wd`aKbW}OaWeGaGaHchEScwyFlA_ihqecHySggqeeIiolirAjJiongqUcHhcrebM\KXwpfrA_JxkqgQuaJhoqkzxInsiyNJk|lCAtOZ\AmSMuPj`HpSbCP{|TsDZQS|DSqsvKRg@VUG@XUw@YVN
96,:~?@_`OCA_OMA?wEB_gQC`HCHaGaHBggJa_qLBwyD`wY\B_}JCGsOb?}Oc`eRExCYcPaQFHK[dPiUEX[Wd@m`gXy^gHu[kBEkJisniAyhKIgnirEkKisqgiMdhIYfnb}{OJt@lb}vNJ_}mRuzOJh@lJUrpSnFRKXLqCvIQ{dKo{RArdZNTl@SsTVRTLHT_DdY_D\[_D`Z
96,:~?@_`?CB__M@_gMA_WoJa?eF`gYDagQFAw_IaOmLbh?QbpMPCwoNb@AMCXYSdYKQeAIVFx[`eAA]Ghs^fAA`GyIYeXmbkqsnjbApKiopkBIiJYcmiA}jKjEkhY]ehJx?nsE{NZc}mB}yNZl?lrquOZMsl[XJpSrFQ{dKqCvIR[JBpK|SrdVOTlDUsdRRTW@WUW@VUg@ZVN
96,:~?@__oE@_gIA_WsBAWODc?cI`oeJBG_Ja?iEBGYFawiB`GqDfosUd`yZFHg\cp]SFhCWdPeQFX?[fhmVbw}YeHeNbjWjKyosjBMmLYstiRUiKYkqjQ}hKI?sgqigKiWmhRE`JyGohA]rlH~@QJpHmcazQZdIpsiwNzs}lcUvPk@BocRKS{tTrdJOTKlUrtE?UDi?UTm?Ttr
96,:~?@_`?M@_g_@_gMB_WICBGOL`oaFAgWJ`OeLbGiGaWmD`g]YFHk[cpYQDxCWc@QXEhSZbg}VeHUUeXQsJQyoKi{pjbAmKZGrhquiKIoriBEjKicnhQaeHy?rfq}aIyChgqqcIhwdfQYlnsixQjSumBq}OZl?lsUyPjPCocfBQJtFsTVRTKtQrc~JSKpU_D`X_D\[_DhZ
96,:~?@_`?E@_WgB@gGB_oeA__QDAG]EaG]HaWUG`wQ[C@iNEgwZe`mVEH[Xc@YSExSXcPaQCwmLbWqIcxEQdHYTlQ{qkBIfLIsrjBMlJickibAfJywpfbMcLIWshRE^IxshgQi_IyGggqaqfJ`HmSjGQZxIlcA{OZg|lsItPJ|EmsNDP|DSstZLSklTrdBKRw@YUw@VUW@WVN
96,:~?@__oEA_gEA_WsEAWKJc?WF`OmGBGcKa_mIBGUFaGeBagQCfosUd`yYFHc\c@mQFhCWdP]SFXK[fhiZbw}XdxaNbjWjKyosjBMmLYstiRUiKYkqjQ}hKI?sgqigKiSmhbE`JyGohA]rlH~@QJpHmcazQZdIpsiwNzs}lcUvPk@BocRKS{tTrdJOTKlUrtE?UDi?UTm?Ttr
96,:~?@_`oCA_oQJ?gEB`GYE`WUA_WMC`gUUDxSVcpaSEG{Rc@QPDXGUaouKBgeIaWeIagaFbxAQcWmKbWysHQ]eIIOnhBAbKYKqhamdJI_mhqujJYomgRMaKxcnebAZKhopfQe]IX{igAirnsi}QjWxlrasOJT@nCY|PzhGmsfAP[LCrtZOT\DSsdNJR[pM_D\W_DhZ_Dd[
96,:~?@__oEA_WIA_WsGAWKC`_aDAw[KaOqIAwgK`W]B`geIawQXFH_ZcPUNEh?Ud@]QExK[ehYXdX]WbWysJQyoKi{pjbAmKZGrhQugKIcrhbEiKi[nhamdJI?rfq}aIiCfgqqcIxwhfQalnsixQjSumBq}OZl?lsUyQJPCocZBPztHsTVRTKtQrc~JSKpU_D`X_D\[_DhZ
96,:~?@__oIA_WEA_WkC_wUE`w]GaGQB`WYXCp]SDxWWdPaPCxGSbpUODgkLb?yHageHagiVeHANcXIJbGuMlASfhaabJyKohBEcKiSkhamfJY_miqukJiCrgbMZJxooeRIYKXsifai^IY?hkzxInsiuMZ[wlCAtOZhEms]{QJtHocVBPK|UsDVPTLHRqsvKRg@VUG@XUw@YVN
96,:~?@___E@`_EB@GGD`GUK@GUE`gMAcpIHAwgJa`AHCWoMbO}FaHIQawqLbg}OcXSYd@m^Gi?`f`}]GICbgaQ[GxsccxM[fXiZeHeUdzCvkbarLZOuiq}kKIgtiRYgLy[wjRMmLIUejzAqk[`Hpsj@P{HGosfCQj|DoCYxPZhEmru{NktPrdJNS|@SqtVKTg@XUg@VUw@WVN
96,:~?@___EC?WW@aoGB`O]FAWWG`_]DAGcI`?iBdOiH`WMG`GI_Cpq[Fxs]cp]XFXOUe`yZFh[^ep}WEhSWbPqPEW{Tb`YOCgmSl@uSbJ_uLzOviBEeKysqgr]nLICuhBUiLYcjgaUfJiookzIrgJFHQk`ImcY}Pz|FocfBPj`GoSQzOJc{nSVLSKxQsTNNTklSrDU?Tta?UTm?Udr
96,:~?@___EC?WW@aoGB`O]GAg[H`_]DAGWH`?iBdOeDagMG`GI_Cpq[Fxs]cpYTFXOXe`yZFxW^e@yVEHgZb`qPEWsTbp]OCgmSfXQKmQ?plbapMJKvlR]eLisqgR]gMIkshBQmKyKtiQ}kKIGdhqiukkTJpCm|QjlInB~?P{HEmcM}QKDHm\TUtDZQS{xOrDFLRw@ZVG@VUg@WU^
96,:~?@___EG?WEK?_UA@gOF_o]C@WKE_oQHaH[I`WYFaGeJawmIagoTbPYMDW{UcpQYFxg]eAAXGXs_fQEWExc[f@yZFxUUcHEVdxMSciGbkr]sMJWxlRehKygshragLykpjBIlLYwujrEoKiQdhj|JoCnBQ[PIoSfAQjk|nBzEP{TGmlPUtTZKRktNsDNPSg@XUg@WUw@VVN
96,:~?@_`oOD@gKD__YC`GMA_WED`hO@_wI[A_qJBW{Qb`MKDwsWb`ANCWgZapiWEh[ZdPeUEXGTcpYSEhOZcxIXdxaOcWaHlBUrLjCrkbQkKYsqhA}dJi?ogRAeLY[uiAyhJyGigqm[fXy^mse{QjxFnSbEP{TGlsewQkDBocQyNzd?qsvKRk|TsDZPTLHR_Dl[_D\Y_D`X
96,:~?@__oED?W[@aoGE_oQE@wOI_oaFAGSHaOiC_hWE`WIIaWa_CpQ[FxK\d@y\Fhk[dPeVFxW\d`}VEG{]cPaQEx?Xb`iLEgm[dXUKmQ?plbapMJOvlR]fLisqgr]cMISribMmLIGtiRAjJyCeiAqukkTJpCm|QjlInB~?P{LEmcI}QKDHm\TUtDZQS{xOrDFLRw@ZVG@VUg@WU^
96,:~?@___E@_WcD@wWG`GMA_gaF`WYC_x[E`W]GfOwTbPYJBHWVdPaXExg[dpiWEWsOb_}QExC[cpmSFGiHdXYJbHMSbxAPchs]kBYpLywojrElLIothaqfJYKugb]cJiSngBI`KygsirUhKi_rfztJncnCP[LEmR}yOJlAnCFFQ[`ImLPUtTZOSlDRrSzKRw@ZVG@VUW@WUn
96,:~?@__oED?W[@aoGE_oQE@wKI`oaDAWOGaOiC_hWE`WIIaGe_CpQRFxO]f@u]Fxg[dPeVFX_\d`}UDww]bpePEwsZc`iOEHqJl@UTbJ_uLzSvhBIfKyopgR]nLYGuhRQiLIcogqYgJiklkzErgJJHQk`ImcY}Pz|FocfBPj`GoSQzOJc{nSVLSKxQsTNNTklSrDU?Tta?UTm?Udr
96,:~?@___E@`_EG@?UJ?wIC`W]F`gYF_wIC`XcSEHSWcp]RDg{Sc@UPDhGVaouKBgiHaWeIahaGbxAPcguMawqsHQ]eIIKngrAcKYOqhamdJI_mhqujJYomgRMaKxcoea}ZKXoqfQi]Ih{hgAernci~Qj[wlbesOJT@mcezQJpEnS^BPKHDrtZOT\HRsTRJR[pM_D\W_DdZ_Dh[
96,:~?@__oE@_WGC__MA`GMD`XKNCh?PaOyIBWWL`oyGAw_KbWyNcHEQawqPchANaWiZFho\fqE_Gh[geA]bHYOeeQAYFxkbfAQ\HxwggQUaHhUUcxQxNJgzjreoMiszjbqsLZKukRaqLyeiiyrKPsjGQZtJncnBQ[PIpS^EQK@@nsJJrDZLTl@RsTJMTK|T_Dl[_D\X_D`Y
96,:~?@__oE@_gI@_gKDaoaE@wYB`GaF`GUIBg{OapIIAxCQc@MIbWePbguNcwqcD@mYGHkagaM[FiCbfqA]Fxc\eAEYdYM[fX]UmQOmlRYmLj[wkBUsMJCqkBIrLISniR]kMIkujR]eKYgrhqatj{XJoSmzQjpIncIyP{@CnsNDQJtHm\PUtTZPS{|OrDJLRg@ZVG@VUg@WU^
96,:~?@__oE@_gI@_gKDaoaE@wQE_waF`GULCGgNapIIAxGRc@EIbgePbWyNcwqcDPmZFHg]gQMaGy?afqA]Fx_\eQESejC[fX]Ugz_uLz?tjbMsLzCqkbUiJyouhrYlLyWsirMhKYSgkIyohI~HQk`Ins]}PkHFosewQKTEmbm{OJt@mSRMSK|PrTVQTKpRqtY?Tta?UTm?Udr
96,:~?@_aoOE`O]GAWKG__eCAGSH`_iFAgQD_WEE`wMA_WiB_hOVdPYSFhS^e@qXFHs]fP}ODhCVc`iRExeWawqMbxiZbZ[oLZCukbQrLIwqjrMeLY[uhQycJygkiquaJYKkiRAgKZUugIF@P{HGoCe~Qj\HmCixPzhGnCUzPjxBnSRJRkpLrtVOTlDRsdQ?UTi?UDm?Ttr
96,:~?@__oI@_WEA_gKDaoQE@wMEaGaF`GUIBgkObpIIAxGRc@EIbXEHbguNcwqdD@m[GyKcepuYGICcgaM^GHw^faIWFHc`ehU\dh]cmaSpkRavMJGtlbesMY[vjrelMIcsibMoLiotjbMgIz]qhkLIpSjCQ{DJmse}QZpFnR~APk@GmlPUtTZLR{pOrdJPSw@XUg@WUw@VVN
96,:~?@__oI@_WI@_gKD`GoE@wMFaGaE`GUICGkMbpIIAxCQc@MJbXEHbwuMcwqdFAMTEyKce`yZGiCcgaM\GH{_f`}XFH_`dHisFXYVhJcvMJSwlRYlKi[riBEoMIwuibQnLycsiqqrkYUrhjJHQk`InCU~P{HEoCf@PzlEpCUxQJtBmbzMR{tOsTNQTKlTrDY?UDi?Ttq?UTn
98,:~?@a`?CA_wGB_OM@_gaDAWWG`oeC`WgMbwoMbO}IaxQPDXGScpUOcXWYex_YePmUdyA\GXw_fqE[fYGehyOehQ]agyqhJYgkiqugiYwqkz?qkRMmjzatMZWwlreslZg}nzo}nR}ym{R@P[HCosV@oKXJqCnHQkZIp|@PrS~MS[~OrLdUULTWtT^QULLVtDY?UTm?Udu?VDz
98,:~?@aa?GC_oU@@gCA_wID@gSF`?]B@gQF_XWKaxcRDWsQbPQTc@UNCgwRcPQGaWiKeAQUEHWadqEVGxwafqM_HHs`eHqYexe[lR?pjrIrLIwsjrQiKIopirIlKyyhiI]dhj|?oSM}Ojo~mcEzOjt?mRywOzUul{`LqSvFRklMqc~KR{RDplHUsD^PULLWtDZTTw@YUw@XVG@\Vn
98,:~?@a_oI@_OIF?gEB@gWF`WQCaH?FAGMEaWiKBwsNaoqLBhgJCXEQchA_BwybEQIXFxK[d@uRExO]eaI^GXkafAA\GHw`eX}UdXaVkRMqLI{ojREkKiwoiq}iKycshYYfiIQbncA~O[HBmRywNzh@msA{OjtBlZYvqCvFRkdNqc~JR[pMpKVEsTZOT|HVstZSULTW_Dl[_Dd]_Dh\
98,:~?@a`?E@`oIB_OIA?wMC@gWJ`W[G`_aD@wmCaWiLCwoMchAPbxOTcpQQDWyUEH[Xe`}XExgZeH}\fig[gae_HyCehQadgyQrHaefIi_iiY{qkBEmKisojA}jKZYulJUrkkO}Oz|?nSFAOzk~mcExOJo}nSNAmJ^HRk`NqszIR[pLps~DpkRPTl@VstZST|HWtTa?Utq?UTy?Udv
98,:~?@a`OCA_OMC_wEA@GIB@G[G`O]EAw_HaWmKagwPbpMLcHEQDHIRDH[WdP]UEx_XeXm[ehw`fqMagXu_gaQbHIShha]giQigIiqfiysnjbIrkJErLJGsjz_xlb]tMJc{nJmypR^@PKHBoCQ}Oj|@osVCpZvORC~LR{lNqSvIRk`MrKZFtD^RULTUsdbPTl@V_DdZ_Dh\_Dp]
98,:~?@a`_CD__QA?wKC`Wo@_W{C@WIBaGeJBGgLb?yLBgWJ`oiOcHEPby?Jg_y^GXk^c`iQFHK\cpy_GXg^ePmWFhoafQI`gHUVdhQpKjKsjrAjKYooia}lKiwriRQehyUghIM}OJ|@ocMwOjd@mcAzNjo~nSMtlj^FR[`NqS~IR[lMrCzCp[ZPT|HUstZST|@WtTa?UTi?VDy?Utv
98,:~?@a`OGC__M@aOE@bOKC_wQA`WYNa?eIAw[JaOqIBG_M`oaMbxAObWmKgpKac`mPFHC\c`yRFy?afAIYExc^fQE]GYASdh]WdZ?qkrQnKYkpjBAiJysqjbMhLIQdhi]ggzx@nsBAOz_}mSIyNzl?nCE|OzUul{`Lps~HR{hLqszKRkRDplDUsd^STlLVsDbTUG@XUg@ZVg@[V^
98,:~?@a`_GB_OQB`WQA_OU@_oQA@WWI`oeGAwcJa_uLaGyNbHCVc@aUcxQQdXSXd`]WEXg\epy\Fxw_f@}[giM_gYOihQmehyakjAuhIikliZ?qkRMmKI{pkb]vlZYsobNCOSM~OJs}nCN@OjtBmbyzN{@AoZewqszIR{dLrCvGRk\Np[ZCsDZPT|HVstZSULTW_Dl[_Dh]_Dd\
98,:~?@a__EC?wI@_oUC@ggHb?mA_WMC`OeEAg[Ja?qLbg{Tc@YYEXoZaWiJbGuMbxATFXW]dp}WGHCXc`iRExO[gqQ`GiEagq}cKHeYexq\fh}_jr]oMJCxkbivMJcyhRMeLI[tiBYhIygkjitFkzQtlkdIqsq~P{@Gmse{QjtJncr@O{HCp[XVtT^UULDRsdRLR{xO_Dt]_DdZ_Dh[
100,:~?@c`_GB__Q@_OUB@WCCbOUC_gMEBG[Ka?uGBhWIaweNCGsOb_}KcpUSDXCUc`]UEH[WdXq[ehmXi`{cgAU\HhwfgyM`gjKcIYShhaafIIeoKYwqjrIkJisnibAjKZ]vkzQtljJBPJ|@oCI|OZxAmsM{PJ|DoCUxmjbJR{pOqTFIS[xNrTBFqKZSULTXsdjRUl\Wtde?Utq?VUA?Vd~
100,:~?@c_oE@?gEA_gcB@gaD`WQN@w[G`_aBd?iHb`MKBgkLbO}ZA`MJBgoQchMPcIKNhPgceaITFhO^dAETGHscgaM]HHo^eqA`GxiaeHYXdzKtlBYpKiwrjrQlKZ?qjBUjLi]giYieh[DAoCNCPZh@msM{OJtAncQ~PZ]wm[dNqdBJS[pPrS~MSKZFqLHWstfSU\TWtdjVUg@\Vg@[WG@ZV~
100,:~?@c`OGB`GE@a_EL?_QB@GIBc_YDcGkPaOiIBG_J`oqHBwWP`omGAW}PcGyLbISSHHK]c`}RGHGadAEbHHs]f@}YGhk`gAQbdheTeH]sLZGukRMnLIsrjBUmKj?pirYehyaiiYV?OkDCosUzOZp?mcM|PJxAnsUvmJfIR{lNrDBHS[tPrdBEp{bQULPXtTfUULLYtti?VTy?VEA?Ut~
100,:~?@c__E@`OEC_oQC@WUA_gsBbogK`_yJBGeM`waL`goMaouHAhEQd@YRDxSVbpMODHGTeHiXhpY[HhkbeqU[HIGegQM_HISfhhy\fy]vKRMqLJSukBUsLiwpjRIkKy{ulZAhiyigocRBP[@@nSI{Ozx@nsQzOJhDlzaxqc~HSKlNrTBKS[xPpk^GstbQU\PYtTjUUL\X_Dp\_Dl]_D|_
100,:~?@c__E@`_EB@GGD`?YBb_ID@gUQ@GqHapEKCWsMa_yFAwoOa?uIAxAPchINgoudGaQ_GhK\cpySFxO`gqQ^Ghc_epu[Fhg`hIMTdhaVkrQtLjCqjRMnLZ?sjbIkKYkuhyahiiYdoCFAO{PDmsE{OzhCnSA}Oj|DlzaxqTBIR{lNrDFLS[xOpk^GsdbRU\XXtTbSUl\Y_Dt]_Dl__Dp^
100,:~?@c`OGB_OIB@GEC`GoB_gEIAw_Jb?uHaGYFbgUIBGsMaOmPchKUd@]TDw{Rc@QQDXaYeY[UfAYZGxkdfAQaHi?bgQQdHyY]fX}flrCrkbQtLj?tlBYmKYsqjBMnLjUoiYmiiKHCosV?OZtAnCM}OZ|CmsAyPZ]wm[hNqTBJR{tOrDFMS[ZFqLLWsdfSUlTYtdbVUW@[VW@ZVg@^WN
100,:~?@c__E@_W[B@gGD`WIB`?YC`OYHAg[Ha?uIAwmLbgqOCxCTbxIRd@YSdPYXEh[Xe@uYExm\fhq_GyCdhIM^giOehQYfIy_hiikkiaqmiYunKZ?slZIrlRYsLjEyMz_xlrizNjy|nK[xosZCP[HEoCR@O{TFpk]~scxPrtFLS[lNrDBISKzGq\XXtTjVULPYstbQUW@ZVW@[Vw@]WN
100,:~?@c`_GC_OQ@_oUA?wCDbOUC_gMEBG[Ka?uGBhWIaweNCGsOb_}KcpUSDXCUc`]UEH[WdXq[ehmXi`{cgAU\HhwfgyM`gjKcIYShhaafIIeoKYwqjrIkJisnibAjKZ]vkzQtljJBPJ|@oCI|OZxAmsM{PK@DnsUxmjbJR{pOqTFIS[tNrdBFqKZSULTXsdjRUlXXtta?Utq?VT}?VeB
100,:~?@c_oCA_WIA_WcDAGOE`GUFAGWG`wMJBwoOawqLCGwNaWiSDxKWcxQTDxWWcXIZFxo_exq\GHw^eXicHyKggyQdHyWggYIjJyooiyqlKIwniYisLzKwkzQtLzWwkZIzNzp?mzq|OJw~mZjCP{LGpS^EQKNCo[JQRTFMS[tNrdBJSKpNs[fIstfQUlPWtTbUU\\Y_Dl[_Dx^_Dt_
100,:~?@c`?EE?W_@a_OD__eB@wGB`WMCAWWH`OaFAG]A`h_MbXkUDw{SbpUVcP]ODXKUc`QIbGmMeaYWEh_beQQXHY?bgQQaHh{dehy[fXm]lrGrkRQtLj?ukRYkKywqjRQnLZAiiyefiKDAosV?PJx@nCM|PJ|AmsAyPZ]wm[hNqs~HSKtOrDFMS[ZFqLPWsdfRUlTYtdbVUW@[VW@ZVg@^WN
100,:~?@c__E@_WWA@WQC@WKD_gMI`omHAg_J`g]KCHEMCG{PbGuUcp]SDhSVchMWFHuYFHk\eHeafqM_GiCbfh}cIIeeII[hhIUmiq}kJisniimoLJUqLJKtkJEylrmwMjczlj]{OKE}OJ|@nJvEos^CPkTFo{JGR[hLqsrGrKfQS{|PsDNPskzZUDjVUl\XtDjTU\XW_Dl\_Dp^_Dx_
100,:~?@c`OCA_WEC_wIA?wKC`GWG`_uFaOiGAW[IbWUJbG{Tb`ASchMPd`]TDhOVcH_YePm[GXk\f@uYgX}_j@ycIyGhgqafIi]dhjSgIyckiaqjkRQqKz?sjrImKYsrmJaulzUspc@DoSI~O{PDnSE{OzlAncA~P[Qym[lOqdFLSKpNrc~HS[^GplLWsdfTULXXtDjVUg@\Vg@ZWG@[V~
100,:~?@c_oCA_WEA_gcG`gQC_wSF`W[G`_aHAwcKa_uJBWoNbwiPcGyQEXKYeHUUdH]VEx_Xe`m[Fxs_fqE_Ghw`fiQdgiMeJI[liIeijiwniqqlJymqLJKtkBIpKzOxmZ]wlkOtpcLDoSI~OJxDosQ~PZp?nSFAPKMzmktOrDFJR{xNqdBHS[^GplHWstfSU\TWtdjVUg@\Vg@[WG@ZV~
100,:~?@c`_CC_OU@__MB@GGDbOQD_wIEBG[Ka?uGBhWIaweNCGsNb`AKcpUSDXCUc`]UEH[WdXq[ehmXi`{cgAU\HhwfgyM`gjKcIYShhaafIIeoKYwqjrIkJisnibAjKZ]vkzQtljJBPJ|@oCI|OZxAmsM{PJ|DoCUxmjbJR{pOqTFIS[tNrdBFqKZSULTXsdjRUlXWtte?Utq?VT}?VeB
100,:~?@ca?GF__MB@WCE`GED_wYC`wIF`GUE_XsKBXcZe`qXFGk[bPMUEx[Ya`aTDxOUd@UKBxGWb`MOCXmXaGeYbxEMcHIxLb]pLzKwjbaoLZ?ukRQjMIGlhRM^JXwshaybJyOqjA}fLYgqgAa`IZ]\qcvHRjpLmsz@OkPFoCM~QJxDnSmyPjdKtT^SUlDRsDZNULHX_Dt]_Dl^_Dp_
100,:~?@caO[G`OYD`g]G_gEB`GI@_wQA_WMC`WYFaI?RExO[dPuUFhk]f@uPDxGWbpeOEhKSdPYIFwc^ap]KEGsXb`iJbGuMfxEQbxAvMJcyiBIhKyWshrUcLiSugB]`MIGxgriiJIkljbEnKJIrlJVJRKtMpSnERKLLpCy|OJw~oSfAQjlFnCbTT|XWsTRQS|@Xrti?Utu?VDy?VuB
100,:~?@c`_CA_oQB@WGC_OUC`WMA_WkK`waHagYLBgsNb?yJBxAPDXGTcpQQCxCSdh]WeYSceaAYGYGbfaQ^HI?bgQIZfHupKJKlJywnirAkKIcliaydhYYfiJ{zNZo|lrywNjKxlBiuMzS{njeykjIpkZJFQK\HqCjHQ{lKqcvDRkXMnsr?R[DCocNNS|@SsTfQUlXVtTa?VTy?VD}?UuB
100,:~?@c__E@_W[A@WGEaoQB`gUD`gQB`oeGAg{Pc@ILCWwQageHagmKbWyObwmKfQE]Gh{bgAQaGyCcdpeWEhSZd`qXehu]cxQZfH}_mrKxlBiuLzSwkR]qMIsxjbifJy_ohRIeKYkrjBQhLYgumZinkKpLqszHQ{hKnsv?RkDBocQ{PzlGnSU}PlTVtdbPS|HSrtfOUg@ZVW@[Vg@^WN
